17,0.082128365,1,N2S0,190.0.1.2,255.255.255.255,36,NetworkReceiveFromLower,0,0,20,Control,IPPROTO_ICMP,192,,1.0
27,0.156282094,1,N2S1,190.0.1.2,255.255.255.255,60,NetworkReceiveFromLower,0,1,20,Data,IPPROTO_UDP,192,,1.0
133,2.117707579,1,N2S2,190.0.1.2,255.255.255.255,64,NetworkReceiveFromLower,0,2,20,Data,IPPROTO_UDP,192,,1.0
175,3.082079187,1,N2S3,190.0.1.2,255.255.255.255,36,NetworkReceiveFromLower,0,3,20,Control,IPPROTO_ICMP,192,,1.0
245,4.123938737,1,N2S4,190.0.1.2,255.255.255.255,60,NetworkReceiveFromLower,0,4,20,Data,IPPROTO_UDP,192,,1.0
295,5.257332852,1,N2S5,190.0.1.2,255.255.255.255,52,NetworkReceiveFromLower,0,5,20,Data,IPPROTO_UDP,192,,1.0
337,6.082319187,1,N2S6,190.0.1.2,255.255.255.255,36,NetworkReceiveFromLower,0,6,20,Control,IPPROTO_ICMP,192,,1.0
353,6.171411565,1,N2S7,190.0.1.2,255.255.255.255,60,NetworkReceiveFromLower,0,7,20,Data,IPPROTO_UDP,192,,1.0
459,8.13963521,1,N2S8,190.0.1.2,255.255.255.255,60,NetworkReceiveFromLower,0,8,20,Data,IPPROTO_UDP,192,,1.0
555,10.132396935,1,N2S9,190.0.1.2,255.255.255.255,60,NetworkReceiveFromLower,0,9,20,Data,IPPROTO_UDP,192,,1.0
565,10.214148863,1,N2S10,190.0.1.2,255.255.255.255,56,NetworkReceiveFromLower,0,10,20,Data,IPPROTO_UDP,192,,1.0
657,12.160330391,1,N2S11,190.0.1.2,255.255.255.255,60,NetworkReceiveFromLower,0,11,20,Data,IPPROTO_UDP,192,,1.0
753,14.180858972,1,N2S12,190.0.1.2,255.255.255.255,60,NetworkReceiveFromLower,0,12,20,Data,IPPROTO_UDP,192,,1.0
815,15.559314455,1,N2S13,190.0.1.2,255.255.255.255,56,NetworkReceiveFromLower,0,13,20,Data,IPPROTO_UDP,192,,1.0
851,16.095728044,1,N2S14,190.0.1.2,255.255.255.255,60,NetworkReceiveFromLower,0,14,20,Data,IPPROTO_UDP,192,,1.0
953,18.148981216,1,N2S15,190.0.1.2,255.255.255.255,60,NetworkReceiveFromLower,0,15,20,Data,IPPROTO_UDP,192,,1.0
1043,20.109400098,1,N2S16,190.0.1.2,255.255.255.255,60,NetworkReceiveFromLower,0,16,20,Data,IPPROTO_UDP,192,,1.0
1055,20.15923802,1,N2S17,190.0.1.2,255.255.255.255,56,NetworkReceiveFromLower,0,17,20,Data,IPPROTO_UDP,192,,1.0
1149,22.117709932,1,N2S18,190.0.1.2,255.255.255.255,60,NetworkReceiveFromLower,0,18,20,Data,IPPROTO_UDP,192,,1.0
1247,24.123564036,1,N2S19,190.0.1.2,255.255.255.255,60,NetworkReceiveFromLower,0,19,20,Data,IPPROTO_UDP,192,,1.0
1297,25.213994312,1,N2S20,190.0.1.2,255.255.255.255,56,NetworkReceiveFromLower,0,20,20,Data,IPPROTO_UDP,192,,1.0
1351,26.11493584,1,N2S21,190.0.1.2,255.255.255.255,60,NetworkReceiveFromLower,0,21,20,Data,IPPROTO_UDP,192,,1.0
1447,28.174659918,1,N2S22,190.0.1.2,255.255.255.255,60,NetworkReceiveFromLower,0,22,20,Data,IPPROTO_UDP,192,,1.0
1543,30.137346032,1,N2S23,190.0.1.2,255.255.255.255,60,NetworkReceiveFromLower,0,23,20,Data,IPPROTO_UDP,192,,1.0
1553,30.239374842,1,N2S24,190.0.1.2,255.255.255.255,56,NetworkReceiveFromLower,0,24,20,Data,IPPROTO_UDP,192,,1.0
1645,32.183115098,1,N2S25,190.0.1.2,255.255.255.255,60,NetworkReceiveFromLower,0,25,20,Data,IPPROTO_UDP,192,,1.0
1743,34.131797813,1,N2S26,190.0.1.2,255.255.255.255,60,NetworkReceiveFromLower,0,26,20,Data,IPPROTO_UDP,192,,1.0
1789,35.196563702,1,N2S27,190.0.1.2,255.255.255.255,56,NetworkReceiveFromLower,0,27,20,Data,IPPROTO_UDP,192,,1.0
1847,36.185781165,1,N2S28,190.0.1.2,255.255.255.255,60,NetworkReceiveFromLower,0,28,20,Data,IPPROTO_UDP,192,,1.0
1939,38.119375122,1,N2S29,190.0.1.2,255.255.255.255,60,NetworkReceiveFromLower,0,29,20,Data,IPPROTO_UDP,192,,1.0
2039,40.129561964,1,N2S30,190.0.1.2,255.255.255.255,64,NetworkReceiveFromLower,0,30,20,Data,IPPROTO_UDP,192,,1.0
2045,40.184761584,1,N2S31,190.0.1.2,255.255.255.255,56,NetworkReceiveFromLower,0,31,20,Data,IPPROTO_UDP,192,,1.0
2147,42.155250389,1,N2S32,190.0.1.2,255.255.255.255,64,NetworkReceiveFromLower,0,32,20,Data,IPPROTO_UDP,192,,1.0
2241,44.106391527,1,N2S33,190.0.1.2,255.255.255.255,64,NetworkReceiveFromLower,0,33,20,Data,IPPROTO_UDP,192,,1.0
2303,45.369143908,1,N2S34,190.0.1.2,255.255.255.255,52,NetworkReceiveFromLower,0,34,20,Data,IPPROTO_UDP,192,,1.0
2311,45.446909432,1,N2S35,190.0.1.2,255.255.255.255,56,NetworkReceiveFromLower,0,35,20,Data,IPPROTO_UDP,192,,1.0
2363,46.169114842,1,N2S36,190.0.1.2,255.255.255.255,64,NetworkReceiveFromLower,0,36,20,Data,IPPROTO_UDP,192,,1.0
2459,48.148472952,1,N2S37,190.0.1.2,255.255.255.255,64,NetworkReceiveFromLower,0,37,20,Data,IPPROTO_UDP,192,,1.0
2555,50.103436045,1,N2S38,190.0.1.2,255.255.255.255,64,NetworkReceiveFromLower,0,38,20,Data,IPPROTO_UDP,192,,1.0
2573,50.35871291,1,N2S39,190.0.1.2,255.255.255.255,56,NetworkReceiveFromLower,0,39,20,Data,IPPROTO_UDP,192,,1.0
2583,50.468846913,1,N2S40,190.0.1.2,255.255.255.255,52,NetworkReceiveFromLower,0,40,20,Data,IPPROTO_UDP,192,,1.0
2675,52.129696141,1,N2S41,190.0.1.2,255.255.255.255,64,NetworkReceiveFromLower,0,41,20,Data,IPPROTO_UDP,192,,1.0
2773,54.154824214,1,N2S42,190.0.1.2,255.255.255.255,60,NetworkReceiveFromLower,0,42,20,Data,IPPROTO_UDP,192,,1.0
2823,55.269016778,1,N2S43,190.0.1.2,255.255.255.255,56,NetworkReceiveFromLower,0,43,20,Data,IPPROTO_UDP,192,,1.0
2863,55.88532166,1,N2S44,190.0.1.2,255.255.255.255,56,NetworkReceiveFromLower,0,44,20,Data,IPPROTO_UDP,192,,1.0
2874,55.907893001,1,N2S47,190.0.1.2,190.0.1.1,96,NetworkReceiveFromLower,0,47,20,Control,IPPROTO_ICMP,0,,1.0
2885,56.007533001,1,N2S51,190.0.1.2,190.0.1.1,96,NetworkReceiveFromLower,0,51,20,Control,IPPROTO_ICMP,0,,1.0
2912,56.143706423,1,N3S45,190.0.1.3,190.0.1.1,96,NetworkReceiveFromLower,0,45,20,Control,IPPROTO_ICMP,0,,2.0
2916,56.164676293,1,N2S53,190.0.1.2,255.255.255.255,64,NetworkReceiveFromLower,0,53,20,Data,IPPROTO_UDP,192,,1.0
2933,56.240053423,1,N3S53,190.0.1.3,190.0.1.1,96,NetworkReceiveFromLower,0,53,20,Control,IPPROTO_ICMP,0,,2.0
2948,56.337753423,1,N3S61,190.0.1.3,190.0.1.1,96,NetworkReceiveFromLower,0,61,20,Control,IPPROTO_ICMP,0,,2.0
2963,56.441873423,1,N3S69,190.0.1.3,190.0.1.1,96,NetworkReceiveFromLower,0,69,20,Control,IPPROTO_ICMP,0,,2.0
2978,56.540313423,1,N3S77,190.0.1.3,190.0.1.1,96,NetworkReceiveFromLower,0,77,20,Control,IPPROTO_ICMP,0,,2.0
2993,56.640673423,1,N3S85,190.0.1.3,190.0.1.1,96,NetworkReceiveFromLower,0,85,20,Control,IPPROTO_ICMP,0,,2.0
3008,56.744073423,1,N3S93,190.0.1.3,190.0.1.1,96,NetworkReceiveFromLower,0,93,20,Control,IPPROTO_ICMP,0,,2.0
3023,56.843393391,1,N3S101,190.0.1.3,190.0.1.1,96,NetworkReceiveFromLower,0,101,20,Control,IPPROTO_ICMP,0,,2.0
3038,56.941473391,1,N3S109,190.0.1.3,190.0.1.1,96,NetworkReceiveFromLower,0,109,20,Control,IPPROTO_ICMP,0,,2.0
3053,57.039933423,1,N3S117,190.0.1.3,190.0.1.1,96,NetworkReceiveFromLower,0,117,20,Control,IPPROTO_ICMP,0,,2.0
3068,57.141113423,1,N3S125,190.0.1.3,190.0.1.1,96,NetworkReceiveFromLower,0,125,20,Control,IPPROTO_ICMP,0,,2.0
3083,57.242413391,1,N3S133,190.0.1.3,190.0.1.1,96,NetworkReceiveFromLower,0,133,20,Control,IPPROTO_ICMP,0,,2.0
3098,57.342893391,1,N3S141,190.0.1.3,190.0.1.1,96,NetworkReceiveFromLower,0,141,20,Control,IPPROTO_ICMP,0,,2.0
3113,57.444273391,1,N3S149,190.0.1.3,190.0.1.1,96,NetworkReceiveFromLower,0,149,20,Control,IPPROTO_ICMP,0,,2.0
3128,57.542933391,1,N3S157,190.0.1.3,190.0.1.1,96,NetworkReceiveFromLower,0,157,20,Control,IPPROTO_ICMP,0,,2.0
3143,57.644153391,1,N3S165,190.0.1.3,190.0.1.1,96,NetworkReceiveFromLower,0,165,20,Control,IPPROTO_ICMP,0,,2.0
3158,57.742653391,1,N3S173,190.0.1.3,190.0.1.1,96,NetworkReceiveFromLower,0,173,20,Control,IPPROTO_ICMP,0,,2.0
3173,57.841313391,1,N3S181,190.0.1.3,190.0.1.1,96,NetworkReceiveFromLower,0,181,20,Control,IPPROTO_ICMP,0,,2.0
3188,57.942753391,1,N3S189,190.0.1.3,190.0.1.1,96,NetworkReceiveFromLower,0,189,20,Control,IPPROTO_ICMP,0,,2.0
3203,58.043913367,1,N3S198,190.0.1.3,190.0.1.1,96,NetworkReceiveFromLower,0,198,20,Control,IPPROTO_ICMP,0,,2.0
3230,58.141773367,1,N3S206,190.0.1.3,190.0.1.1,96,NetworkReceiveFromLower,0,206,20,Control,IPPROTO_ICMP,0,,2.0
3234,58.178760263,1,N2S174,190.0.1.2,255.255.255.255,64,NetworkReceiveFromLower,0,174,20,Data,IPPROTO_UDP,192,,1.0
3251,58.244713391,1,N3S214,190.0.1.3,190.0.1.1,96,NetworkReceiveFromLower,0,214,20,Control,IPPROTO_ICMP,0,,2.0
3266,58.344073391,1,N3S222,190.0.1.3,190.0.1.1,96,NetworkReceiveFromLower,0,222,20,Control,IPPROTO_ICMP,0,,2.0
3281,58.440473367,1,N3S230,190.0.1.3,190.0.1.1,96,NetworkReceiveFromLower,0,230,20,Control,IPPROTO_ICMP,0,,2.0
3296,58.539813367,1,N3S238,190.0.1.3,190.0.1.1,96,NetworkReceiveFromLower,0,238,20,Control,IPPROTO_ICMP,0,,2.0
3311,58.638973367,1,N3S246,190.0.1.3,190.0.1.1,96,NetworkReceiveFromLower,0,246,20,Control,IPPROTO_ICMP,0,,2.0
3326,58.745473367,1,N3S254,190.0.1.3,190.0.1.1,96,NetworkReceiveFromLower,0,254,20,Control,IPPROTO_ICMP,0,,2.0
3341,58.840553367,1,N3S262,190.0.1.3,190.0.1.1,96,NetworkReceiveFromLower,0,262,20,Control,IPPROTO_ICMP,0,,2.0
3356,58.941333367,1,N3S270,190.0.1.3,190.0.1.1,96,NetworkReceiveFromLower,0,270,20,Control,IPPROTO_ICMP,0,,2.0
3381,59.141833367,1,N3S281,190.0.1.3,190.0.1.1,96,NetworkReceiveFromLower,0,281,20,Control,IPPROTO_ICMP,0,,2.0
3396,59.244193343,1,N3S289,190.0.1.3,190.0.1.1,96,NetworkReceiveFromLower,0,289,20,Control,IPPROTO_ICMP,0,,2.0
3411,59.341153343,1,N3S297,190.0.1.3,190.0.1.1,96,NetworkReceiveFromLower,0,297,20,Control,IPPROTO_ICMP,0,,2.0
3426,59.442713367,1,N3S305,190.0.1.3,190.0.1.1,96,NetworkReceiveFromLower,0,305,20,Control,IPPROTO_ICMP,0,,2.0
3441,59.541973367,1,N3S313,190.0.1.3,190.0.1.1,96,NetworkReceiveFromLower,0,313,20,Control,IPPROTO_ICMP,0,,2.0
3456,59.642613343,1,N3S321,190.0.1.3,190.0.1.1,96,NetworkReceiveFromLower,0,321,20,Control,IPPROTO_ICMP,0,,2.0
3471,59.744333343,1,N3S329,190.0.1.3,190.0.1.1,96,NetworkReceiveFromLower,0,329,20,Control,IPPROTO_ICMP,0,,2.0
3486,59.840513343,1,N3S337,190.0.1.3,190.0.1.1,96,NetworkReceiveFromLower,0,337,20,Control,IPPROTO_ICMP,0,,2.0
3501,59.939333343,1,N3S345,190.0.1.3,190.0.1.1,96,NetworkReceiveFromLower,0,345,20,Control,IPPROTO_ICMP,0,,2.0
3516,60.043913343,1,N3S355,190.0.1.3,190.0.1.1,96,NetworkReceiveFromLower,0,355,20,Control,IPPROTO_ICMP,0,,2.0
3540,60.124953672,1,N2S292,190.0.1.2,255.255.255.255,64,NetworkReceiveFromLower,0,292,20,Data,IPPROTO_UDP,192,,1.0
3549,60.141591343,1,N3S363,190.0.1.3,190.0.1.1,96,NetworkReceiveFromLower,0,363,20,Control,IPPROTO_ICMP,0,,2.0
3553,60.170102746,1,N2S293,190.0.1.2,255.255.255.255,56,NetworkReceiveFromLower,0,293,20,Data,IPPROTO_UDP,192,,1.0
3570,60.243153343,1,N3S372,190.0.1.3,190.0.1.1,96,NetworkReceiveFromLower,0,372,20,Control,IPPROTO_ICMP,0,,2.0
3596,60.418126328,1,N2S308,190.0.1.2,255.255.255.255,56,NetworkReceiveFromLower,0,308,20,Data,IPPROTO_UDP,192,,1.0
3605,60.442986311,1,N3S384,190.0.1.3,190.0.1.1,96,NetworkReceiveFromLower,0,384,20,Control,IPPROTO_ICMP,0,,2.0
3620,60.540593311,1,N3S392,190.0.1.3,190.0.1.1,96,NetworkReceiveFromLower,0,392,20,Control,IPPROTO_ICMP,0,,2.0
3641,60.642633343,1,N3S400,190.0.1.3,190.0.1.1,96,NetworkReceiveFromLower,0,400,20,Control,IPPROTO_ICMP,0,,2.0
3656,60.742333343,1,N3S408,190.0.1.3,190.0.1.1,96,NetworkReceiveFromLower,0,408,20,Control,IPPROTO_ICMP,0,,2.0
3671,60.844433311,1,N3S416,190.0.1.3,190.0.1.1,96,NetworkReceiveFromLower,0,416,20,Control,IPPROTO_ICMP,0,,2.0
3696,61.043153311,1,N3S429,190.0.1.3,190.0.1.1,96,NetworkReceiveFromLower,0,429,20,Control,IPPROTO_ICMP,0,,2.0
3711,61.145613311,1,N3S437,190.0.1.3,190.0.1.1,96,NetworkReceiveFromLower,0,437,20,Control,IPPROTO_ICMP,0,,2.0
3726,61.239133311,1,N3S445,190.0.1.3,190.0.1.1,96,NetworkReceiveFromLower,0,445,20,Control,IPPROTO_ICMP,0,,2.0
3741,61.338233311,1,N3S453,190.0.1.3,190.0.1.1,96,NetworkReceiveFromLower,0,453,20,Control,IPPROTO_ICMP,0,,2.0
3756,61.447150312,1,N3S462,190.0.1.3,190.0.1.1,96,NetworkReceiveFromLower,0,462,20,Control,IPPROTO_ICMP,0,,2.0
3771,61.539133311,1,N3S470,190.0.1.3,190.0.1.1,96,NetworkReceiveFromLower,0,470,20,Control,IPPROTO_ICMP,0,,2.0
3788,61.644677287,1,N3S478,190.0.1.3,190.0.1.1,96,NetworkReceiveFromLower,0,478,20,Control,IPPROTO_ICMP,0,,2.0
3805,61.742881287,1,N3S486,190.0.1.3,190.0.1.1,96,NetworkReceiveFromLower,0,486,20,Control,IPPROTO_ICMP,0,,2.0
3820,61.839133311,1,N3S494,190.0.1.3,190.0.1.1,96,NetworkReceiveFromLower,0,494,20,Control,IPPROTO_ICMP,0,,2.0
3835,61.939173311,1,N3S502,190.0.1.3,190.0.1.1,96,NetworkReceiveFromLower,0,502,20,Control,IPPROTO_ICMP,0,,2.0
3854,62.042377287,1,N3S511,190.0.1.3,190.0.1.1,96,NetworkReceiveFromLower,0,511,20,Control,IPPROTO_ICMP,0,,2.0
3879,62.140513287,1,N3S519,190.0.1.3,190.0.1.1,96,NetworkReceiveFromLower,0,519,20,Control,IPPROTO_ICMP,0,,2.0
3883,62.151085474,1,N2S410,190.0.1.2,255.255.255.255,64,NetworkReceiveFromLower,0,410,20,Data,IPPROTO_UDP,192,,1.0
3900,62.240513287,1,N3S527,190.0.1.3,190.0.1.1,96,NetworkReceiveFromLower,0,527,20,Control,IPPROTO_ICMP,0,,2.0
3915,62.346830288,1,N3S536,190.0.1.3,190.0.1.1,96,NetworkReceiveFromLower,0,536,20,Control,IPPROTO_ICMP,0,,2.0
3940,62.542933287,1,N3S550,190.0.1.3,190.0.1.1,96,NetworkReceiveFromLower,0,550,20,Control,IPPROTO_ICMP,0,,2.0
3955,62.641493287,1,N3S558,190.0.1.3,190.0.1.1,96,NetworkReceiveFromLower,0,558,20,Control,IPPROTO_ICMP,0,,2.0
3970,62.741913287,1,N3S566,190.0.1.3,190.0.1.1,96,NetworkReceiveFromLower,0,566,20,Control,IPPROTO_ICMP,0,,2.0
3985,62.841553263,1,N3S574,190.0.1.3,190.0.1.1,96,NetworkReceiveFromLower,0,574,20,Control,IPPROTO_ICMP,0,,2.0
4000,62.944533263,1,N3S582,190.0.1.3,190.0.1.1,96,NetworkReceiveFromLower,0,582,20,Control,IPPROTO_ICMP,0,,2.0
4015,63.043313287,1,N3S590,190.0.1.3,190.0.1.1,96,NetworkReceiveFromLower,0,590,20,Control,IPPROTO_ICMP,0,,2.0
4040,63.240213263,1,N3S601,190.0.1.3,190.0.1.1,96,NetworkReceiveFromLower,0,601,20,Control,IPPROTO_ICMP,0,,2.0
4065,63.440873263,1,N3S612,190.0.1.3,190.0.1.1,96,NetworkReceiveFromLower,0,612,20,Control,IPPROTO_ICMP,0,,2.0
4080,63.542113263,1,N3S620,190.0.1.3,190.0.1.1,96,NetworkReceiveFromLower,0,620,20,Control,IPPROTO_ICMP,0,,2.0
4095,63.640053263,1,N3S628,190.0.1.3,190.0.1.1,96,NetworkReceiveFromLower,0,628,20,Control,IPPROTO_ICMP,0,,2.0
4110,63.743113263,1,N3S636,190.0.1.3,190.0.1.1,96,NetworkReceiveFromLower,0,636,20,Control,IPPROTO_ICMP,0,,2.0
4135,63.942553263,1,N3S649,190.0.1.3,190.0.1.1,96,NetworkReceiveFromLower,0,649,20,Control,IPPROTO_ICMP,0,,2.0
4172,64.141697231,1,N3S663,190.0.1.3,190.0.1.1,96,NetworkReceiveFromLower,0,663,20,Control,IPPROTO_ICMP,0,,2.0
4176,64.155208197,1,N2S518,190.0.1.2,255.255.255.255,64,NetworkReceiveFromLower,0,518,20,Data,IPPROTO_UDP,192,,1.0
4193,64.242073263,1,N3S671,190.0.1.3,190.0.1.1,96,NetworkReceiveFromLower,0,671,20,Control,IPPROTO_ICMP,0,,2.0
4208,64.340833263,1,N3S679,190.0.1.3,190.0.1.1,96,NetworkReceiveFromLower,0,679,20,Control,IPPROTO_ICMP,0,,2.0
4223,64.443853231,1,N3S687,190.0.1.3,190.0.1.1,96,NetworkReceiveFromLower,0,687,20,Control,IPPROTO_ICMP,0,,2.0
4238,64.538213231,1,N3S695,190.0.1.3,190.0.1.1,96,NetworkReceiveFromLower,0,695,20,Control,IPPROTO_ICMP,0,,2.0
4253,64.644013231,1,N3S703,190.0.1.3,190.0.1.1,96,NetworkReceiveFromLower,0,703,20,Control,IPPROTO_ICMP,0,,2.0
4268,64.741693231,1,N3S711,190.0.1.3,190.0.1.1,96,NetworkReceiveFromLower,0,711,20,Control,IPPROTO_ICMP,0,,2.0
4283,64.844173231,1,N3S719,190.0.1.3,190.0.1.1,96,NetworkReceiveFromLower,0,719,20,Control,IPPROTO_ICMP,0,,2.0
4298,64.943753231,1,N3S727,190.0.1.3,190.0.1.1,96,NetworkReceiveFromLower,0,727,20,Control,IPPROTO_ICMP,0,,2.0
4313,65.046590232,1,N3S737,190.0.1.3,190.0.1.1,96,NetworkReceiveFromLower,0,737,20,Control,IPPROTO_ICMP,0,,2.0
4323,65.064884492,1,N2S580,190.0.1.2,255.255.255.255,56,NetworkReceiveFromLower,0,580,20,Data,IPPROTO_UDP,192,,1.0
4360,65.343413207,1,N3S751,190.0.1.3,190.0.1.1,96,NetworkReceiveFromLower,0,751,20,Control,IPPROTO_ICMP,0,,2.0
4375,65.440093231,1,N3S759,190.0.1.3,190.0.1.1,96,NetworkReceiveFromLower,0,759,20,Control,IPPROTO_ICMP,0,,2.0
4390,65.544473231,1,N3S767,190.0.1.3,190.0.1.1,96,NetworkReceiveFromLower,0,767,20,Control,IPPROTO_ICMP,0,,2.0
4394,65.546859401,1,N2S581,190.0.1.2,255.255.255.255,56,NetworkReceiveFromLower,0,581,20,Data,IPPROTO_UDP,192,,1.0
4433,65.840861207,1,N3S784,190.0.1.3,190.0.1.1,96,NetworkReceiveFromLower,0,784,20,Control,IPPROTO_ICMP,0,,2.0
4448,65.942733207,1,N3S792,190.0.1.3,190.0.1.1,96,NetworkReceiveFromLower,0,792,20,Control,IPPROTO_ICMP,0,,2.0
4493,66.143774207,1,N3S805,190.0.1.3,190.0.1.1,96,NetworkReceiveFromLower,0,805,20,Control,IPPROTO_ICMP,0,,2.0
4497,66.171233503,1,N2S627,190.0.1.2,255.255.255.255,64,NetworkReceiveFromLower,0,627,20,Data,IPPROTO_UDP,192,,1.0
4514,66.239873207,1,N3S813,190.0.1.3,190.0.1.1,96,NetworkReceiveFromLower,0,813,20,Control,IPPROTO_ICMP,0,,2.0
4529,66.345713207,1,N3S821,190.0.1.3,190.0.1.1,96,NetworkReceiveFromLower,0,821,20,Control,IPPROTO_ICMP,0,,2.0
4544,66.441613183,1,N3S829,190.0.1.3,190.0.1.1,96,NetworkReceiveFromLower,0,829,20,Control,IPPROTO_ICMP,0,,2.0
4579,66.742013207,1,N3S847,190.0.1.3,190.0.1.1,96,NetworkReceiveFromLower,0,847,20,Control,IPPROTO_ICMP,0,,2.0
4594,66.840593183,1,N3S855,190.0.1.3,190.0.1.1,96,NetworkReceiveFromLower,0,855,20,Control,IPPROTO_ICMP,0,,2.0
4609,66.941453183,1,N3S863,190.0.1.3,190.0.1.1,96,NetworkReceiveFromLower,0,863,20,Control,IPPROTO_ICMP,0,,2.0
4624,67.042666184,1,N3S871,190.0.1.3,190.0.1.1,96,NetworkReceiveFromLower,0,871,20,Control,IPPROTO_ICMP,0,,2.0
4639,67.143426184,1,N3S879,190.0.1.3,190.0.1.1,96,NetworkReceiveFromLower,0,879,20,Control,IPPROTO_ICMP,0,,2.0
4654,67.238993183,1,N3S888,190.0.1.3,190.0.1.1,96,NetworkReceiveFromLower,0,888,20,Control,IPPROTO_ICMP,0,,2.0
4669,67.339493183,1,N3S896,190.0.1.3,190.0.1.1,96,NetworkReceiveFromLower,0,896,20,Control,IPPROTO_ICMP,0,,2.0
4694,67.539453183,1,N3S909,190.0.1.3,190.0.1.1,96,NetworkReceiveFromLower,0,909,20,Control,IPPROTO_ICMP,0,,2.0
4719,67.739853151,1,N3S922,190.0.1.3,190.0.1.1,96,NetworkReceiveFromLower,0,922,20,Control,IPPROTO_ICMP,0,,2.0
4734,67.841473183,1,N3S930,190.0.1.3,190.0.1.1,96,NetworkReceiveFromLower,0,930,20,Control,IPPROTO_ICMP,0,,2.0
4749,67.943893183,1,N3S938,190.0.1.3,190.0.1.1,96,NetworkReceiveFromLower,0,938,20,Control,IPPROTO_ICMP,0,,2.0
4787,68.183318627,1,N2S735,190.0.1.2,255.255.255.255,64,NetworkReceiveFromLower,0,735,20,Data,IPPROTO_UDP,192,,1.0
4824,68.444873151,1,N3S963,190.0.1.3,190.0.1.1,96,NetworkReceiveFromLower,0,963,20,Control,IPPROTO_ICMP,0,,2.0
4839,68.542373151,1,N3S971,190.0.1.3,190.0.1.1,96,NetworkReceiveFromLower,0,971,20,Control,IPPROTO_ICMP,0,,2.0
4874,68.842693127,1,N3S990,190.0.1.3,190.0.1.1,96,NetworkReceiveFromLower,0,990,20,Control,IPPROTO_ICMP,0,,2.0
4899,69.043213151,1,N3S1002,190.0.1.3,190.0.1.1,96,NetworkReceiveFromLower,0,1002,20,Control,IPPROTO_ICMP,0,,2.0
4914,69.141873151,1,N3S1010,190.0.1.3,190.0.1.1,96,NetworkReceiveFromLower,0,1010,20,Control,IPPROTO_ICMP,0,,2.0
4939,69.348830128,1,N3S1024,190.0.1.3,190.0.1.1,96,NetworkReceiveFromLower,0,1024,20,Control,IPPROTO_ICMP,0,,2.0
4994,69.839717127,1,N3S1050,190.0.1.3,190.0.1.1,96,NetworkReceiveFromLower,0,1050,20,Control,IPPROTO_ICMP,0,,2.0
5009,69.940133127,1,N3S1058,190.0.1.3,190.0.1.1,96,NetworkReceiveFromLower,0,1058,20,Control,IPPROTO_ICMP,0,,2.0
5037,70.132397827,1,N2S823,190.0.1.2,255.255.255.255,64,NetworkReceiveFromLower,0,823,20,Data,IPPROTO_UDP,192,,1.0
5052,70.144128104,1,N3S1072,190.0.1.3,190.0.1.1,96,NetworkReceiveFromLower,0,1072,20,Control,IPPROTO_ICMP,0,,2.0
5067,70.242453127,1,N3S1080,190.0.1.3,190.0.1.1,96,NetworkReceiveFromLower,0,1080,20,Control,IPPROTO_ICMP,0,,2.0
5081,70.336603126,1,N2S824,190.0.1.2,255.255.255.255,56,NetworkReceiveFromLower,0,824,20,Data,IPPROTO_UDP,192,,1.0
5088,70.340026127,1,N3S1088,190.0.1.3,190.0.1.1,96,NetworkReceiveFromLower,0,1088,20,Control,IPPROTO_ICMP,0,,2.0
5111,70.506876001,1,N2S843,190.0.1.2,255.255.255.255,56,NetworkReceiveFromLower,0,843,20,Data,IPPROTO_UDP,192,,1.0
5123,70.542031104,1,N3S1101,190.0.1.3,190.0.1.1,96,NetworkReceiveFromLower,0,1101,20,Control,IPPROTO_ICMP,0,,2.0
5138,70.638653103,1,N3S1109,190.0.1.3,190.0.1.1,96,NetworkReceiveFromLower,0,1109,20,Control,IPPROTO_ICMP,0,,2.0
5153,70.741973103,1,N3S1117,190.0.1.3,190.0.1.1,96,NetworkReceiveFromLower,0,1117,20,Control,IPPROTO_ICMP,0,,2.0
5174,70.841333103,1,N3S1125,190.0.1.3,190.0.1.1,96,NetworkReceiveFromLower,0,1125,20,Control,IPPROTO_ICMP,0,,2.0
5201,71.047794104,1,N3S1138,190.0.1.3,190.0.1.1,96,NetworkReceiveFromLower,0,1138,20,Control,IPPROTO_ICMP,0,,2.0
5216,71.145473103,1,N3S1146,190.0.1.3,190.0.1.1,96,NetworkReceiveFromLower,0,1146,20,Control,IPPROTO_ICMP,0,,2.0
5251,71.440353103,1,N3S1162,190.0.1.3,190.0.1.1,96,NetworkReceiveFromLower,0,1162,20,Control,IPPROTO_ICMP,0,,2.0
5266,71.544293103,1,N3S1170,190.0.1.3,190.0.1.1,96,NetworkReceiveFromLower,0,1170,20,Control,IPPROTO_ICMP,0,,2.0
5283,71.644137071,1,N3S1178,190.0.1.3,190.0.1.1,96,NetworkReceiveFromLower,0,1178,20,Control,IPPROTO_ICMP,0,,2.0
5318,71.942153071,1,N3S1194,190.0.1.3,190.0.1.1,96,NetworkReceiveFromLower,0,1194,20,Control,IPPROTO_ICMP,0,,2.0
5333,72.042973071,1,N3S1203,190.0.1.3,190.0.1.1,96,NetworkReceiveFromLower,0,1203,20,Control,IPPROTO_ICMP,0,,2.0
5361,72.171265147,1,N2S929,190.0.1.2,255.255.255.255,64,NetworkReceiveFromLower,0,929,20,Data,IPPROTO_UDP,192,,1.0
5378,72.241353071,1,N3S1217,190.0.1.3,190.0.1.1,96,NetworkReceiveFromLower,0,1217,20,Control,IPPROTO_ICMP,0,,2.0
5393,72.340893071,1,N3S1225,190.0.1.3,190.0.1.1,96,NetworkReceiveFromLower,0,1225,20,Control,IPPROTO_ICMP,0,,2.0
5428,72.643153071,1,N3S1239,190.0.1.3,190.0.1.1,96,NetworkReceiveFromLower,0,1239,20,Control,IPPROTO_ICMP,0,,2.0
5443,72.740733071,1,N3S1247,190.0.1.3,190.0.1.1,96,NetworkReceiveFromLower,0,1247,20,Control,IPPROTO_ICMP,0,,2.0
5458,72.839153047,1,N3S1255,190.0.1.3,190.0.1.1,96,NetworkReceiveFromLower,0,1255,20,Control,IPPROTO_ICMP,0,,2.0
5473,72.940973047,1,N3S1263,190.0.1.3,190.0.1.1,96,NetworkReceiveFromLower,0,1263,20,Control,IPPROTO_ICMP,0,,2.0
5488,73.042933047,1,N3S1271,190.0.1.3,190.0.1.1,96,NetworkReceiveFromLower,0,1271,20,Control,IPPROTO_ICMP,0,,2.0
5503,73.142133047,1,N3S1279,190.0.1.3,190.0.1.1,96,NetworkReceiveFromLower,0,1279,20,Control,IPPROTO_ICMP,0,,2.0
5518,73.241073047,1,N3S1287,190.0.1.3,190.0.1.1,96,NetworkReceiveFromLower,0,1287,20,Control,IPPROTO_ICMP,0,,2.0
5553,73.542033047,1,N3S1303,190.0.1.3,190.0.1.1,96,NetworkReceiveFromLower,0,1303,20,Control,IPPROTO_ICMP,0,,2.0
5588,73.841513047,1,N3S1320,190.0.1.3,190.0.1.1,96,NetworkReceiveFromLower,0,1320,20,Control,IPPROTO_ICMP,0,,2.0
5613,74.041513023,1,N3S1333,190.0.1.3,190.0.1.1,96,NetworkReceiveFromLower,0,1333,20,Control,IPPROTO_ICMP,0,,2.0
5631,74.118103257,1,N2S1026,190.0.1.2,255.255.255.255,64,NetworkReceiveFromLower,0,1026,20,Data,IPPROTO_UDP,192,,1.0
5644,74.143925771,1,N3S1341,190.0.1.3,190.0.1.1,96,NetworkReceiveFromLower,0,1341,20,Control,IPPROTO_ICMP,0,,2.0
5659,74.244313023,1,N3S1349,190.0.1.3,190.0.1.1,96,NetworkReceiveFromLower,0,1349,20,Control,IPPROTO_ICMP,0,,2.0
5674,74.344273023,1,N3S1357,190.0.1.3,190.0.1.1,96,NetworkReceiveFromLower,0,1357,20,Control,IPPROTO_ICMP,0,,2.0
5699,74.544733023,1,N3S1368,190.0.1.3,190.0.1.1,96,NetworkReceiveFromLower,0,1368,20,Control,IPPROTO_ICMP,0,,2.0
5714,74.640793023,1,N3S1376,190.0.1.3,190.0.1.1,96,NetworkReceiveFromLower,0,1376,20,Control,IPPROTO_ICMP,0,,2.0
5729,74.751810024,1,N3S1385,190.0.1.3,190.0.1.1,96,NetworkReceiveFromLower,0,1385,20,Control,IPPROTO_ICMP,0,,2.0
5754,74.941492991,1,N3S1397,190.0.1.3,190.0.1.1,96,NetworkReceiveFromLower,0,1397,20,Control,IPPROTO_ICMP,0,,2.0
5779,75.140933023,1,N3S1411,190.0.1.3,190.0.1.1,96,NetworkReceiveFromLower,0,1411,20,Control,IPPROTO_ICMP,0,,2.0
5829,75.547913292,1,N2S1079,190.0.1.2,255.255.255.255,56,NetworkReceiveFromLower,0,1079,20,Data,IPPROTO_UDP,192,,1.0
5846,75.640772991,1,N3S1434,190.0.1.3,190.0.1.1,96,NetworkReceiveFromLower,0,1434,20,Control,IPPROTO_ICMP,0,,2.0
5860,75.755844791,1,N2S1095,190.0.1.2,255.255.255.255,56,NetworkReceiveFromLower,0,1095,20,Data,IPPROTO_UDP,192,,1.0
5922,76.117978242,1,N2S1118,190.0.1.2,255.255.255.255,64,NetworkReceiveFromLower,0,1118,20,Data,IPPROTO_UDP,192,,1.0
5943,76.241476991,1,N3S1469,190.0.1.3,190.0.1.1,96,NetworkReceiveFromLower,0,1469,20,Control,IPPROTO_ICMP,0,,2.0
5968,76.439332967,1,N3S1481,190.0.1.3,190.0.1.1,96,NetworkReceiveFromLower,0,1481,20,Control,IPPROTO_ICMP,0,,2.0
6023,76.941432967,1,N3S1507,190.0.1.3,190.0.1.1,96,NetworkReceiveFromLower,0,1507,20,Control,IPPROTO_ICMP,0,,2.0
6128,77.941072943,1,N3S1550,190.0.1.3,190.0.1.1,96,NetworkReceiveFromLower,0,1550,20,Control,IPPROTO_ICMP,0,,2.0
6166,78.132715707,1,N2S1192,190.0.1.2,255.255.255.255,64,NetworkReceiveFromLower,0,1192,20,Data,IPPROTO_UDP,192,,1.0
6303,79.441112911,1,N3S1617,190.0.1.3,190.0.1.1,96,NetworkReceiveFromLower,0,1617,20,Control,IPPROTO_ICMP,0,,2.0
6330,79.642296887,1,N3S1629,190.0.1.3,190.0.1.1,96,NetworkReceiveFromLower,0,1629,20,Control,IPPROTO_ICMP,0,,2.0
6375,80.042552887,1,N3S1650,190.0.1.3,190.0.1.1,96,NetworkReceiveFromLower,0,1650,20,Control,IPPROTO_ICMP,0,,2.0
6403,80.176463658,1,N2S1262,190.0.1.2,255.255.255.255,64,NetworkReceiveFromLower,0,1262,20,Data,IPPROTO_UDP,192,,1.0
6435,80.361598386,1,N2S1263,190.0.1.2,255.255.255.255,56,NetworkReceiveFromLower,0,1263,20,Data,IPPROTO_UDP,192,,1.0
6450,80.418811223,1,N2S1267,190.0.1.2,255.255.255.255,56,NetworkReceiveFromLower,0,1267,20,Data,IPPROTO_UDP,192,,1.0
6641,82.11975921,1,N2S1326,190.0.1.2,255.255.255.255,64,NetworkReceiveFromLower,0,1326,20,Data,IPPROTO_UDP,192,,1.0
6650,82.146633832,1,N3S1744,190.0.1.3,190.0.1.1,96,NetworkReceiveFromLower,0,1744,20,Control,IPPROTO_ICMP,0,,2.0
6715,82.742872831,1,N3S1774,190.0.1.3,190.0.1.1,96,NetworkReceiveFromLower,0,1774,20,Control,IPPROTO_ICMP,0,,2.0
6871,84.138053546,1,N2S1394,190.0.1.2,255.255.255.255,64,NetworkReceiveFromLower,0,1394,20,Data,IPPROTO_UDP,192,,1.0
6928,84.640912807,1,N3S1855,190.0.1.3,190.0.1.1,96,NetworkReceiveFromLower,0,1855,20,Control,IPPROTO_ICMP,0,,2.0
6975,85.041956783,1,N3S1873,190.0.1.3,190.0.1.1,96,NetworkReceiveFromLower,0,1873,20,Control,IPPROTO_ICMP,0,,2.0
7002,85.241716783,1,N3S1884,190.0.1.3,190.0.1.1,96,NetworkReceiveFromLower,0,1884,20,Control,IPPROTO_ICMP,0,,2.0
7017,85.342052783,1,N3S1892,190.0.1.3,190.0.1.1,96,NetworkReceiveFromLower,0,1892,20,Control,IPPROTO_ICMP,0,,2.0
7047,85.565177121,1,N2S1431,190.0.1.2,255.255.255.255,56,NetworkReceiveFromLower,0,1431,20,Data,IPPROTO_UDP,192,,1.0
7079,85.774383144,1,N2S1452,190.0.1.2,255.255.255.255,56,NetworkReceiveFromLower,0,1452,20,Data,IPPROTO_UDP,192,,1.0
7139,86.133774626,1,N2S1470,190.0.1.2,255.255.255.255,64,NetworkReceiveFromLower,0,1470,20,Data,IPPROTO_UDP,192,,1.0
7296,87.640192727,1,N3S1980,190.0.1.3,190.0.1.1,96,NetworkReceiveFromLower,0,1980,20,Control,IPPROTO_ICMP,0,,2.0
7311,87.739092727,1,N3S1988,190.0.1.3,190.0.1.1,96,NetworkReceiveFromLower,0,1988,20,Control,IPPROTO_ICMP,0,,2.0
7367,88.143230632,1,N2S1539,190.0.1.2,255.255.255.255,64,NetworkReceiveFromLower,0,1539,20,Data,IPPROTO_UDP,192,,1.0
7575,90.118203169,1,N2S1600,190.0.1.2,255.255.255.255,64,NetworkReceiveFromLower,0,1600,20,Data,IPPROTO_UDP,192,,1.0
7603,90.262904666,1,N2S1601,190.0.1.2,255.255.255.255,56,NetworkReceiveFromLower,0,1601,20,Data,IPPROTO_UDP,192,,1.0
7641,90.470496424,1,N2S1614,190.0.1.2,255.255.255.255,56,NetworkReceiveFromLower,0,1614,20,Data,IPPROTO_UDP,192,,1.0
7831,92.162215915,1,N2S1664,190.0.1.2,255.255.255.255,64,NetworkReceiveFromLower,0,1664,20,Data,IPPROTO_UDP,192,,1.0
7878,92.540312623,1,N3S2166,190.0.1.3,190.0.1.1,96,NetworkReceiveFromLower,0,2166,20,Control,IPPROTO_ICMP,0,,2.0
8056,94.159915387,1,N2S1729,190.0.1.2,255.255.255.255,64,NetworkReceiveFromLower,0,1729,20,Data,IPPROTO_UDP,192,,1.0
8172,95.288356072,1,N2S1761,190.0.1.2,255.255.255.255,56,NetworkReceiveFromLower,0,1761,20,Data,IPPROTO_UDP,192,,1.0
8194,95.327679278,1,N2S1771,190.0.1.2,255.255.255.255,56,NetworkReceiveFromLower,0,1771,20,Data,IPPROTO_UDP,192,,1.0
8294,96.118503137,1,N2S1793,190.0.1.2,255.255.255.255,64,NetworkReceiveFromLower,0,1793,20,Data,IPPROTO_UDP,192,,1.0
8520,98.148117041,1,N2S1856,190.0.1.2,255.255.255.255,64,NetworkReceiveFromLower,0,1856,20,Data,IPPROTO_UDP,192,,1.0
8730,100.098543636,1,N2S1918,190.0.1.2,255.255.255.255,64,NetworkReceiveFromLower,0,1918,20,Data,IPPROTO_UDP,192,,1.0
8761,100.306736001,1,N2S1919,190.0.1.2,255.255.255.255,56,NetworkReceiveFromLower,0,1919,20,Data,IPPROTO_UDP,192,,1.0
8804,100.588228257,1,N2S1929,190.0.1.2,255.255.255.255,56,NetworkReceiveFromLower,0,1929,20,Data,IPPROTO_UDP,192,,1.0
8980,102.118323103,1,N2S1982,190.0.1.2,255.255.255.255,64,NetworkReceiveFromLower,0,1982,20,Data,IPPROTO_UDP,192,,1.0
9198,104.12599162,1,N2S2045,190.0.1.2,255.255.255.255,64,NetworkReceiveFromLower,0,2045,20,Data,IPPROTO_UDP,192,,1.0
9338,105.474065657,1,N2S2077,190.0.1.2,255.255.255.255,56,NetworkReceiveFromLower,0,2077,20,Data,IPPROTO_UDP,192,,1.0
9406,105.974601766,1,N2S2092,190.0.1.2,255.255.255.255,56,NetworkReceiveFromLower,0,2092,20,Data,IPPROTO_UDP,192,,1.0
9446,106.17465294,1,N2S2109,190.0.1.2,255.255.255.255,64,NetworkReceiveFromLower,0,2109,20,Data,IPPROTO_UDP,192,,1.0
9666,108.189731016,1,N2S2171,190.0.1.2,255.255.255.255,64,NetworkReceiveFromLower,0,2171,20,Data,IPPROTO_UDP,192,,1.0
9886,110.130706275,1,N2S2232,190.0.1.2,255.255.255.255,64,NetworkReceiveFromLower,0,2232,20,Data,IPPROTO_UDP,192,,1.0
9938,110.563761022,1,N2S2233,190.0.1.2,255.255.255.255,56,NetworkReceiveFromLower,0,2233,20,Data,IPPROTO_UDP,192,,1.0
9960,110.681184889,1,N2S2240,190.0.1.2,255.255.255.255,56,NetworkReceiveFromLower,0,2240,20,Data,IPPROTO_UDP,192,,1.0
10123,112.106228001,1,N2S2297,190.0.1.2,255.255.255.255,64,NetworkReceiveFromLower,0,2297,20,Data,IPPROTO_UDP,192,,1.0
10342,114.15434131,1,N2S2360,190.0.1.2,255.255.255.255,64,NetworkReceiveFromLower,0,2360,20,Data,IPPROTO_UDP,192,,1.0
10468,115.365672535,1,N2S2391,190.0.1.2,255.255.255.255,56,NetworkReceiveFromLower,0,2391,20,Data,IPPROTO_UDP,192,,1.0
10546,115.92845946,1,N2S2406,190.0.1.2,255.255.255.255,56,NetworkReceiveFromLower,0,2406,20,Data,IPPROTO_UDP,192,,1.0
10566,116.100626029,1,N2S2423,190.0.1.2,255.255.255.255,64,NetworkReceiveFromLower,0,2423,20,Data,IPPROTO_UDP,192,,1.0
10800,118.167876402,1,N2S2486,190.0.1.2,255.255.255.255,64,NetworkReceiveFromLower,0,2486,20,Data,IPPROTO_UDP,192,,1.0
11020,120.118537002,1,N2S2548,190.0.1.2,255.255.255.255,56,NetworkReceiveFromLower,0,2548,20,Data,IPPROTO_UDP,192,,1.0
11024,120.120031003,1,N2S2547,190.0.1.2,255.255.255.255,64,NetworkReceiveFromLower,0,2547,20,Data,IPPROTO_UDP,192,,1.0
11082,120.519463002,1,N2S2563,190.0.1.2,255.255.255.255,56,NetworkReceiveFromLower,0,2563,20,Data,IPPROTO_UDP,192,,1.0
11262,122.138351281,1,N2S2610,190.0.1.2,255.255.255.255,64,NetworkReceiveFromLower,0,2610,20,Data,IPPROTO_UDP,192,,1.0
11474,124.123883204,1,N2S2672,190.0.1.2,255.255.255.255,64,NetworkReceiveFromLower,0,2672,20,Data,IPPROTO_UDP,192,,1.0
11612,125.347592416,1,N2S2713,190.0.1.2,255.255.255.255,56,NetworkReceiveFromLower,0,2713,20,Data,IPPROTO_UDP,192,,1.0
11628,125.469798176,1,N2S2703,190.0.1.2,255.255.255.255,56,NetworkReceiveFromLower,0,2703,20,Data,IPPROTO_UDP,192,,1.0
11708,126.094135973,1,N2S2735,190.0.1.2,255.255.255.255,64,NetworkReceiveFromLower,0,2735,20,Data,IPPROTO_UDP,192,,1.0
11942,128.117823003,1,N2S2797,190.0.1.2,255.255.255.255,64,NetworkReceiveFromLower,0,2797,20,Data,IPPROTO_UDP,192,,1.0
12168,130.155887698,1,N2S2859,190.0.1.2,255.255.255.255,64,NetworkReceiveFromLower,0,2859,20,Data,IPPROTO_UDP,192,,1.0
12184,130.276427115,1,N2S2858,190.0.1.2,255.255.255.255,56,NetworkReceiveFromLower,0,2858,20,Data,IPPROTO_UDP,192,,1.0
12210,130.434824695,1,N2S2860,190.0.1.2,255.255.255.255,56,NetworkReceiveFromLower,0,2860,20,Data,IPPROTO_UDP,192,,1.0
12393,132.106488001,1,N2S2921,190.0.1.2,255.255.255.255,64,NetworkReceiveFromLower,0,2921,20,Data,IPPROTO_UDP,192,,1.0
12620,134.113010001,1,N2S2984,190.0.1.2,255.255.255.255,64,NetworkReceiveFromLower,0,2984,20,Data,IPPROTO_UDP,192,,1.0
12764,135.441017372,1,N2S3015,190.0.1.2,255.255.255.255,56,NetworkReceiveFromLower,0,3015,20,Data,IPPROTO_UDP,192,,1.0
12806,135.779177566,1,N2S3025,190.0.1.2,255.255.255.255,56,NetworkReceiveFromLower,0,3025,20,Data,IPPROTO_UDP,192,,1.0
12864,136.1548,1,N2S3048,190.0.1.2,255.255.255.255,64,NetworkReceiveFromLower,0,3048,20,Data,IPPROTO_UDP,192,,1.0
13084,138.134611573,1,N2S3110,190.0.1.2,255.255.255.255,64,NetworkReceiveFromLower,0,3110,20,Data,IPPROTO_UDP,192,,1.0
13304,140.139096835,1,N2S3173,190.0.1.2,255.255.255.255,64,NetworkReceiveFromLower,0,3173,20,Data,IPPROTO_UDP,192,,1.0
13326,140.265407308,1,N2S3181,190.0.1.2,255.255.255.255,56,NetworkReceiveFromLower,0,3181,20,Data,IPPROTO_UDP,192,,1.0
13342,140.393572523,1,N2S3174,190.0.1.2,255.255.255.255,56,NetworkReceiveFromLower,0,3174,20,Data,IPPROTO_UDP,192,,1.0
13543,142.106860805,1,N2S3236,190.0.1.2,255.255.255.255,64,NetworkReceiveFromLower,0,3236,20,Data,IPPROTO_UDP,192,,1.0
13766,144.171441867,1,N2S3297,190.0.1.2,255.255.255.255,64,NetworkReceiveFromLower,0,3297,20,Data,IPPROTO_UDP,192,,1.0
13908,145.428135864,1,N2S3329,190.0.1.2,255.255.255.255,56,NetworkReceiveFromLower,0,3329,20,Data,IPPROTO_UDP,192,,1.0
13930,145.574300978,1,N2S3339,190.0.1.2,255.255.255.255,56,NetworkReceiveFromLower,0,3339,20,Data,IPPROTO_UDP,192,,1.0
14010,146.187988964,1,N2S3362,190.0.1.2,255.255.255.255,64,NetworkReceiveFromLower,0,3362,20,Data,IPPROTO_UDP,192,,1.0
14230,148.132846097,1,N2S3424,190.0.1.2,255.255.255.255,64,NetworkReceiveFromLower,0,3424,20,Data,IPPROTO_UDP,192,,1.0
14448,150.130403635,1,N2S3486,190.0.1.2,255.255.255.255,64,NetworkReceiveFromLower,0,3486,20,Data,IPPROTO_UDP,192,,1.0
14464,150.239099949,1,N2S3487,190.0.1.2,255.255.255.255,56,NetworkReceiveFromLower,0,3487,20,Data,IPPROTO_UDP,192,,1.0
14506,150.518851003,1,N2S3495,190.0.1.2,255.255.255.255,56,NetworkReceiveFromLower,0,3495,20,Data,IPPROTO_UDP,192,,1.0
14692,152.118303003,1,N2S3550,190.0.1.2,255.255.255.255,64,NetworkReceiveFromLower,0,3550,20,Data,IPPROTO_UDP,192,,1.0
14912,154.146799129,1,N2S3612,190.0.1.2,255.255.255.255,64,NetworkReceiveFromLower,0,3612,20,Data,IPPROTO_UDP,192,,1.0
15038,155.382195439,1,N2S3643,190.0.1.2,255.255.255.255,56,NetworkReceiveFromLower,0,3643,20,Data,IPPROTO_UDP,192,,1.0
15060,155.463406814,1,N2S3657,190.0.1.2,255.255.255.255,56,NetworkReceiveFromLower,0,3657,20,Data,IPPROTO_UDP,192,,1.0
15154,156.120746084,1,N2S3676,190.0.1.2,255.255.255.255,64,NetworkReceiveFromLower,0,3676,20,Data,IPPROTO_UDP,192,,1.0
15374,158.155533862,1,N2S3737,190.0.1.2,255.255.255.255,64,NetworkReceiveFromLower,0,3737,20,Data,IPPROTO_UDP,192,,1.0
15592,160.163458233,1,N2S3799,190.0.1.2,255.255.255.255,64,NetworkReceiveFromLower,0,3799,20,Data,IPPROTO_UDP,192,,1.0
15624,160.33498495,1,N2S3807,190.0.1.2,255.255.255.255,56,NetworkReceiveFromLower,0,3807,20,Data,IPPROTO_UDP,192,,1.0
15630,160.384770093,1,N2S3800,190.0.1.2,255.255.255.255,56,NetworkReceiveFromLower,0,3800,20,Data,IPPROTO_UDP,192,,1.0
15836,162.153985789,1,N2S3863,190.0.1.2,255.255.255.255,64,NetworkReceiveFromLower,0,3863,20,Data,IPPROTO_UDP,192,,1.0
16054,164.139950447,1,N2S3925,190.0.1.2,255.255.255.255,64,NetworkReceiveFromLower,0,3925,20,Data,IPPROTO_UDP,192,,1.0
16206,165.522894581,1,N2S3956,190.0.1.2,255.255.255.255,56,NetworkReceiveFromLower,0,3956,20,Data,IPPROTO_UDP,192,,1.0
16258,165.96615739,1,N2S3973,190.0.1.2,255.255.255.255,56,NetworkReceiveFromLower,0,3973,20,Data,IPPROTO_UDP,192,,1.0
16298,166.136641417,1,N2S3989,190.0.1.2,255.255.255.255,64,NetworkReceiveFromLower,0,3989,20,Data,IPPROTO_UDP,192,,1.0
16516,168.186078572,1,N2S4050,190.0.1.2,255.255.255.255,64,NetworkReceiveFromLower,0,4050,20,Data,IPPROTO_UDP,192,,1.0
16728,170.100949933,1,N2S4113,190.0.1.2,255.255.255.255,64,NetworkReceiveFromLower,0,4113,20,Data,IPPROTO_UDP,192,,1.0
16742,170.196268251,1,N2S4114,190.0.1.2,255.255.255.255,56,NetworkReceiveFromLower,0,4114,20,Data,IPPROTO_UDP,192,,1.0
16774,170.382608298,1,N2S4121,190.0.1.2,255.255.255.255,56,NetworkReceiveFromLower,0,4121,20,Data,IPPROTO_UDP,192,,1.0
16980,172.1742838,1,N2S4177,190.0.1.2,255.255.255.255,64,NetworkReceiveFromLower,0,4177,20,Data,IPPROTO_UDP,192,,1.0
17190,174.097252993,1,N2S4238,190.0.1.2,255.255.255.255,64,NetworkReceiveFromLower,0,4238,20,Data,IPPROTO_UDP,192,,1.0
17322,175.218031003,1,N2S4270,190.0.1.2,255.255.255.255,56,NetworkReceiveFromLower,0,4270,20,Data,IPPROTO_UDP,192,,1.0
17338,175.331825635,1,N2S4271,190.0.1.2,255.255.255.255,56,NetworkReceiveFromLower,0,4271,20,Data,IPPROTO_UDP,192,,1.0
17442,176.127135209,1,N2S4308,190.0.1.2,255.255.255.255,64,NetworkReceiveFromLower,0,4308,20,Data,IPPROTO_UDP,192,,1.0
17662,178.134709184,1,N2S4373,190.0.1.2,255.255.255.255,64,NetworkReceiveFromLower,0,4373,20,Data,IPPROTO_UDP,192,,1.0
17862,180.180747809,1,N2S4433,190.0.1.2,255.255.255.255,64,NetworkReceiveFromLower,0,4433,20,Data,IPPROTO_UDP,192,,1.0
17868,180.375876069,1,N2S4434,190.0.1.2,255.255.255.255,56,NetworkReceiveFromLower,0,4434,20,Data,IPPROTO_UDP,192,,1.0
17886,180.839721304,1,N2S4435,190.0.1.2,255.255.255.255,56,NetworkReceiveFromLower,0,4435,20,Data,IPPROTO_UDP,192,,1.0
17906,182.152880873,1,N2S4436,190.0.1.2,255.255.255.255,64,NetworkReceiveFromLower,0,4436,20,Data,IPPROTO_UDP,192,,1.0
17926,184.161583479,1,N2S4437,190.0.1.2,255.255.255.255,64,NetworkReceiveFromLower,0,4437,20,Data,IPPROTO_UDP,192,,1.0
17932,185.207393059,1,N2S4438,190.0.1.2,255.255.255.255,56,NetworkReceiveFromLower,0,4438,20,Data,IPPROTO_UDP,192,,1.0
17950,185.968832574,1,N2S4439,190.0.1.2,255.255.255.255,56,NetworkReceiveFromLower,0,4439,20,Data,IPPROTO_UDP,192,,1.0
17970,186.143725156,1,N2S4440,190.0.1.2,255.255.255.255,64,NetworkReceiveFromLower,0,4440,20,Data,IPPROTO_UDP,192,,1.0
17990,188.117888736,1,N2S4441,190.0.1.2,255.255.255.255,64,NetworkReceiveFromLower,0,4441,20,Data,IPPROTO_UDP,192,,1.0
18006,190.103837652,1,N2S4442,190.0.1.2,255.255.255.255,64,NetworkReceiveFromLower,0,4442,20,Data,IPPROTO_UDP,192,,1.0
18020,190.396179493,1,N2S4443,190.0.1.2,255.255.255.255,56,NetworkReceiveFromLower,0,4443,20,Data,IPPROTO_UDP,192,,1.0
18026,190.541584928,1,N2S4444,190.0.1.2,255.255.255.255,56,NetworkReceiveFromLower,0,4444,20,Data,IPPROTO_UDP,192,,1.0
18052,192.158472192,1,N2S4445,190.0.1.2,255.255.255.255,64,NetworkReceiveFromLower,0,4445,20,Data,IPPROTO_UDP,192,,1.0
18068,194.091739827,1,N2S4446,190.0.1.2,255.255.255.255,64,NetworkReceiveFromLower,0,4446,20,Data,IPPROTO_UDP,192,,1.0
18084,195.157055617,1,N2S4448,190.0.1.2,255.255.255.255,56,NetworkReceiveFromLower,0,4448,20,Data,IPPROTO_UDP,192,,1.0
18090,195.364146136,1,N2S4447,190.0.1.2,255.255.255.255,56,NetworkReceiveFromLower,0,4447,20,Data,IPPROTO_UDP,192,,1.0
18110,196.097779087,1,N2S4449,190.0.1.2,255.255.255.255,64,NetworkReceiveFromLower,0,4449,20,Data,IPPROTO_UDP,192,,1.0
18136,198.166822147,1,N2S4450,190.0.1.2,255.255.255.255,64,NetworkReceiveFromLower,0,4450,20,Data,IPPROTO_UDP,192,,1.0
18162,200.11644034,1,N2S4451,190.0.1.2,255.255.255.255,64,NetworkReceiveFromLower,0,4451,20,Data,IPPROTO_UDP,192,,1.0
18168,200.305208508,1,N2S4452,190.0.1.2,255.255.255.255,56,NetworkReceiveFromLower,0,4452,20,Data,IPPROTO_UDP,192,,1.0
18174,200.367015885,1,N2S4453,190.0.1.2,255.255.255.255,56,NetworkReceiveFromLower,0,4453,20,Data,IPPROTO_UDP,192,,1.0
18200,202.18272952,1,N2S4454,190.0.1.2,255.255.255.255,64,NetworkReceiveFromLower,0,4454,20,Data,IPPROTO_UDP,192,,1.0
18220,204.186905602,1,N2S4455,190.0.1.2,255.255.255.255,64,NetworkReceiveFromLower,0,4455,20,Data,IPPROTO_UDP,192,,1.0
18226,205.253467191,1,N2S4456,190.0.1.2,255.255.255.255,56,NetworkReceiveFromLower,0,4456,20,Data,IPPROTO_UDP,192,,1.0
18238,205.602537024,1,N2S4457,190.0.1.2,255.255.255.255,56,NetworkReceiveFromLower,0,4457,20,Data,IPPROTO_UDP,192,,1.0
18264,206.149526868,1,N2S4458,190.0.1.2,255.255.255.255,64,NetworkReceiveFromLower,0,4458,20,Data,IPPROTO_UDP,192,,1.0
18280,208.097235155,1,N2S4459,190.0.1.2,255.255.255.255,64,NetworkReceiveFromLower,0,4459,20,Data,IPPROTO_UDP,192,,1.0
18304,210.137674718,1,N2S4460,190.0.1.2,255.255.255.255,64,NetworkReceiveFromLower,0,4460,20,Data,IPPROTO_UDP,192,,1.0
18316,210.290410308,1,N2S4461,190.0.1.2,255.255.255.255,56,NetworkReceiveFromLower,0,4461,20,Data,IPPROTO_UDP,192,,1.0
18322,210.558907085,1,N2S4462,190.0.1.2,255.255.255.255,56,NetworkReceiveFromLower,0,4462,20,Data,IPPROTO_UDP,192,,1.0
18348,212.171868065,1,N2S4463,190.0.1.2,255.255.255.255,64,NetworkReceiveFromLower,0,4463,20,Data,IPPROTO_UDP,192,,1.0
18368,214.130739598,1,N2S4464,190.0.1.2,255.255.255.255,64,NetworkReceiveFromLower,0,4464,20,Data,IPPROTO_UDP,192,,1.0
18380,215.284296251,1,N2S4466,190.0.1.2,255.255.255.255,56,NetworkReceiveFromLower,0,4466,20,Data,IPPROTO_UDP,192,,1.0
18386,215.285400158,1,N2S4465,190.0.1.2,255.255.255.255,56,NetworkReceiveFromLower,0,4465,20,Data,IPPROTO_UDP,192,,1.0
18412,216.118582986,1,N2S4467,190.0.1.2,255.255.255.255,64,NetworkReceiveFromLower,0,4467,20,Data,IPPROTO_UDP,192,,1.0
18432,218.18514957,1,N2S4468,190.0.1.2,255.255.255.255,64,NetworkReceiveFromLower,0,4468,20,Data,IPPROTO_UDP,192,,1.0
18446,220.090314771,1,N2S4469,190.0.1.2,255.255.255.255,64,NetworkReceiveFromLower,0,4469,20,Data,IPPROTO_UDP,192,,1.0
18458,220.216637708,1,N2S4470,190.0.1.2,255.255.255.255,56,NetworkReceiveFromLower,0,4470,20,Data,IPPROTO_UDP,192,,1.0
18476,220.90551631,1,N2S4471,190.0.1.2,255.255.255.255,56,NetworkReceiveFromLower,0,4471,20,Data,IPPROTO_UDP,192,,1.0
18496,222.14322662,1,N2S4472,190.0.1.2,255.255.255.255,64,NetworkReceiveFromLower,0,4472,20,Data,IPPROTO_UDP,192,,1.0
18516,224.167639462,1,N2S4473,190.0.1.2,255.255.255.255,64,NetworkReceiveFromLower,0,4473,20,Data,IPPROTO_UDP,192,,1.0
18522,225.16213003,1,N2S4474,190.0.1.2,255.255.255.255,56,NetworkReceiveFromLower,0,4474,20,Data,IPPROTO_UDP,192,,1.0
18540,225.717199442,1,N2S4475,190.0.1.2,255.255.255.255,56,NetworkReceiveFromLower,0,4475,20,Data,IPPROTO_UDP,192,,1.0
18560,226.13572033,1,N2S4476,190.0.1.2,255.255.255.255,64,NetworkReceiveFromLower,0,4476,20,Data,IPPROTO_UDP,192,,1.0
18576,228.13763077,1,N2S4477,190.0.1.2,255.255.255.255,64,NetworkReceiveFromLower,0,4477,20,Data,IPPROTO_UDP,192,,1.0
18596,230.11912612,1,N2S4478,190.0.1.2,255.255.255.255,64,NetworkReceiveFromLower,0,4478,20,Data,IPPROTO_UDP,192,,1.0
18608,230.408129297,1,N2S4479,190.0.1.2,255.255.255.255,56,NetworkReceiveFromLower,0,4479,20,Data,IPPROTO_UDP,192,,1.0
18614,230.674116806,1,N2S4480,190.0.1.2,255.255.255.255,56,NetworkReceiveFromLower,0,4480,20,Data,IPPROTO_UDP,192,,1.0
18634,232.098591284,1,N2S4481,190.0.1.2,255.255.255.255,64,NetworkReceiveFromLower,0,4481,20,Data,IPPROTO_UDP,192,,1.0
18654,234.095760535,1,N2S4482,190.0.1.2,255.255.255.255,64,NetworkReceiveFromLower,0,4482,20,Data,IPPROTO_UDP,192,,1.0
18666,235.153911663,1,N2S4483,190.0.1.2,255.255.255.255,56,NetworkReceiveFromLower,0,4483,20,Data,IPPROTO_UDP,192,,1.0
18684,235.631772499,1,N2S4484,190.0.1.2,255.255.255.255,56,NetworkReceiveFromLower,0,4484,20,Data,IPPROTO_UDP,192,,1.0
18704,236.173710953,1,N2S4485,190.0.1.2,255.255.255.255,64,NetworkReceiveFromLower,0,4485,20,Data,IPPROTO_UDP,192,,1.0
18720,238.117374864,1,N2S4486,190.0.1.2,255.255.255.255,64,NetworkReceiveFromLower,0,4486,20,Data,IPPROTO_UDP,192,,1.0
