21,0.102407831,4,N3S0,190.0.1.3,255.255.255.255,48,NetworkReceiveFromLower,0,0,20,Data,IPPROTO_UDP,192,,1.0
57,0.693273166,4,N3S1,190.0.1.3,255.255.255.255,36,NetworkReceiveFromLower,0,1,20,Control,IPPROTO_ICMP,192,,1.0
143,2.140228477,4,N3S2,190.0.1.3,255.255.255.255,64,NetworkReceiveFromLower,0,2,20,Data,IPPROTO_UDP,192,,1.0
217,3.6934732,4,N3S3,190.0.1.3,255.255.255.255,36,NetworkReceiveFromLower,0,3,20,Control,IPPROTO_ICMP,192,,1.0
311,5.246048883,4,N3S5,190.0.1.3,255.255.255.255,52,NetworkReceiveFromLower,0,5,20,Data,IPPROTO_UDP,192,,1.0
365,6.145707103,4,N3S6,190.0.1.3,255.255.255.255,64,NetworkReceiveFromLower,0,6,20,Data,IPPROTO_UDP,192,,1.0
397,6.692933233,4,N3S7,190.0.1.3,255.255.255.255,36,NetworkReceiveFromLower,0,7,20,Control,IPPROTO_ICMP,192,,1.0
481,8.147660724,4,N3S8,190.0.1.3,255.255.255.255,64,NetworkReceiveFromLower,0,8,20,Data,IPPROTO_UDP,192,,1.0
577,10.112337696,4,N3S9,190.0.1.3,255.255.255.255,64,NetworkReceiveFromLower,0,9,20,Data,IPPROTO_UDP,192,,1.0
619,10.618107776,4,N3S11,190.0.1.3,255.255.255.255,56,NetworkReceiveFromLower,0,11,20,Data,IPPROTO_UDP,192,,1.0
5177,102.112041317,4,N3S65,190.0.1.3,255.255.255.255,56,NetworkReceiveFromLower,0,65,20,Data,IPPROTO_UDP,192,,1.0
5671,112.081646366,4,N3S71,190.0.1.3,255.255.255.255,64,NetworkReceiveFromLower,0,71,20,Data,IPPROTO_UDP,192,,1.0
5773,114.083455972,4,N3S72,190.0.1.3,255.255.255.255,64,NetworkReceiveFromLower,0,72,20,Data,IPPROTO_UDP,192,,1.0
5853,115.488720927,4,N3S73,190.0.1.3,255.255.255.255,56,NetworkReceiveFromLower,0,73,20,Data,IPPROTO_UDP,192,,1.0
5867,115.637127063,4,N3S74,190.0.1.3,255.255.255.255,56,NetworkReceiveFromLower,0,74,20,Data,IPPROTO_UDP,192,,1.0
5883,115.716894853,4,N1S2375,190.0.1.1,190.0.1.4,1052,NetworkReceiveFromLower,0,2375,20,Data,IPPROTO_UDP,0,,3.0
5908,115.917634841,4,N1S2381,190.0.1.1,190.0.1.4,1052,NetworkReceiveFromLower,0,2381,20,Data,IPPROTO_UDP,0,,3.0
5918,116.023532068,4,N1S2383,190.0.1.1,190.0.1.4,1052,NetworkReceiveFromLower,0,2383,20,Data,IPPROTO_UDP,0,,3.0
5924,116.078852569,4,N3S93,190.0.1.3,255.255.255.255,64,NetworkReceiveFromLower,0,93,20,Data,IPPROTO_UDP,192,,1.0
5948,116.131314274,4,N1S2386,190.0.1.1,190.0.1.4,1052,NetworkReceiveFromLower,0,2386,20,Data,IPPROTO_UDP,0,,3.0
5958,116.223812053,4,N1S2388,190.0.1.1,190.0.1.4,1052,NetworkReceiveFromLower,0,2388,20,Data,IPPROTO_UDP,0,,3.0
5968,116.339886495,4,N1S2390,190.0.1.1,190.0.1.4,1052,NetworkReceiveFromLower,0,2390,20,Data,IPPROTO_UDP,0,,3.0
5978,116.418258823,4,N1S2392,190.0.1.1,190.0.1.4,1052,NetworkReceiveFromLower,0,2392,20,Data,IPPROTO_UDP,0,,3.0
5988,116.517654823,4,N1S2394,190.0.1.1,190.0.1.4,1052,NetworkReceiveFromLower,0,2394,20,Data,IPPROTO_UDP,0,,3.0
5998,116.617114823,4,N1S2396,190.0.1.1,190.0.1.4,1052,NetworkReceiveFromLower,0,2396,20,Data,IPPROTO_UDP,0,,3.0
6023,116.829169225,4,N1S2402,190.0.1.1,190.0.1.4,1052,NetworkReceiveFromLower,0,2402,20,Data,IPPROTO_UDP,0,,3.0
6033,116.917154811,4,N1S2404,190.0.1.1,190.0.1.4,1052,NetworkReceiveFromLower,0,2404,20,Data,IPPROTO_UDP,0,,3.0
6043,117.016774802,4,N1S2406,190.0.1.1,190.0.1.4,1052,NetworkReceiveFromLower,0,2406,20,Data,IPPROTO_UDP,0,,3.0
6053,117.116894802,4,N1S2408,190.0.1.1,190.0.1.4,1052,NetworkReceiveFromLower,0,2408,20,Data,IPPROTO_UDP,0,,3.0
6078,117.322851988,4,N1S2414,190.0.1.1,190.0.1.4,1052,NetworkReceiveFromLower,0,2414,20,Data,IPPROTO_UDP,0,,3.0
6088,117.423911988,4,N1S2416,190.0.1.1,190.0.1.4,1052,NetworkReceiveFromLower,0,2416,20,Data,IPPROTO_UDP,0,,3.0
6098,117.517434793,4,N1S2418,190.0.1.1,190.0.1.4,1052,NetworkReceiveFromLower,0,2418,20,Data,IPPROTO_UDP,0,,3.0
6108,117.636706342,4,N1S2420,190.0.1.1,190.0.1.4,1052,NetworkReceiveFromLower,0,2420,20,Data,IPPROTO_UDP,0,,3.0
6118,117.717514781,4,N1S2422,190.0.1.1,190.0.1.4,1052,NetworkReceiveFromLower,0,2422,20,Data,IPPROTO_UDP,0,,3.0
6128,117.816574781,4,N1S2424,190.0.1.1,190.0.1.4,1052,NetworkReceiveFromLower,0,2424,20,Data,IPPROTO_UDP,0,,3.0
6138,117.917134772,4,N1S2426,190.0.1.1,190.0.1.4,1052,NetworkReceiveFromLower,0,2426,20,Data,IPPROTO_UDP,0,,3.0
6148,118.017074772,4,N1S2428,190.0.1.1,190.0.1.4,1052,NetworkReceiveFromLower,0,2428,20,Data,IPPROTO_UDP,0,,3.0
6173,118.130934134,4,N1S2431,190.0.1.1,190.0.1.4,1052,NetworkReceiveFromLower,0,2431,20,Data,IPPROTO_UDP,0,,3.0
6186,118.217254763,4,N1S2433,190.0.1.1,190.0.1.4,1052,NetworkReceiveFromLower,0,2433,20,Data,IPPROTO_UDP,0,,3.0
6196,118.317054763,4,N1S2435,190.0.1.1,190.0.1.4,1052,NetworkReceiveFromLower,0,2435,20,Data,IPPROTO_UDP,0,,3.0
6206,118.416934763,4,N1S2437,190.0.1.1,190.0.1.4,1052,NetworkReceiveFromLower,0,2437,20,Data,IPPROTO_UDP,0,,3.0
6216,118.523271918,4,N1S2439,190.0.1.1,190.0.1.4,1052,NetworkReceiveFromLower,0,2439,20,Data,IPPROTO_UDP,0,,3.0
6226,118.616714751,4,N1S2441,190.0.1.1,190.0.1.4,1052,NetworkReceiveFromLower,0,2441,20,Data,IPPROTO_UDP,0,,3.0
6236,118.716834751,4,N1S2443,190.0.1.1,190.0.1.4,1052,NetworkReceiveFromLower,0,2443,20,Data,IPPROTO_UDP,0,,3.0
6246,118.829889064,4,N1S2445,190.0.1.1,190.0.1.4,1052,NetworkReceiveFromLower,0,2445,20,Data,IPPROTO_UDP,0,,3.0
6256,118.917314742,4,N1S2447,190.0.1.1,190.0.1.4,1052,NetworkReceiveFromLower,0,2447,20,Data,IPPROTO_UDP,0,,3.0
6266,119.016914742,4,N1S2449,190.0.1.1,190.0.1.4,1052,NetworkReceiveFromLower,0,2449,20,Data,IPPROTO_UDP,0,,3.0
6276,119.122951888,4,N1S2451,190.0.1.1,190.0.1.4,1052,NetworkReceiveFromLower,0,2451,20,Data,IPPROTO_UDP,0,,3.0
6286,119.217414733,4,N1S2453,190.0.1.1,190.0.1.4,1052,NetworkReceiveFromLower,0,2453,20,Data,IPPROTO_UDP,0,,3.0
6296,119.323391734,4,N1S2455,190.0.1.1,190.0.1.4,1052,NetworkReceiveFromLower,0,2455,20,Data,IPPROTO_UDP,0,,3.0
6306,119.431089015,4,N1S2457,190.0.1.1,190.0.1.4,1052,NetworkReceiveFromLower,0,2457,20,Data,IPPROTO_UDP,0,,3.0
6316,119.517014721,4,N1S2459,190.0.1.1,190.0.1.4,1052,NetworkReceiveFromLower,0,2459,20,Data,IPPROTO_UDP,0,,3.0
6326,119.616914721,4,N1S2461,190.0.1.1,190.0.1.4,1052,NetworkReceiveFromLower,0,2461,20,Data,IPPROTO_UDP,0,,3.0
6336,119.729228854,4,N1S2463,190.0.1.1,190.0.1.4,1052,NetworkReceiveFromLower,0,2463,20,Data,IPPROTO_UDP,0,,3.0
6346,119.817634712,4,N1S2465,190.0.1.1,190.0.1.4,1052,NetworkReceiveFromLower,0,2465,20,Data,IPPROTO_UDP,0,,3.0
6356,119.917054712,4,N1S2467,190.0.1.1,190.0.1.4,1052,NetworkReceiveFromLower,0,2467,20,Data,IPPROTO_UDP,0,,3.0
6366,120.017514703,4,N1S2469,190.0.1.1,190.0.1.4,1052,NetworkReceiveFromLower,0,2469,20,Data,IPPROTO_UDP,0,,3.0
6376,120.090474994,4,N3S251,190.0.1.3,255.255.255.255,64,NetworkReceiveFromLower,0,251,20,Data,IPPROTO_UDP,192,,1.0
6390,120.117807703,4,N1S2472,190.0.1.1,190.0.1.4,1052,NetworkReceiveFromLower,0,2472,20,Data,IPPROTO_UDP,0,,3.0
6402,120.161791739,4,N3S252,190.0.1.3,255.255.255.255,56,NetworkReceiveFromLower,0,252,20,Data,IPPROTO_UDP,192,,1.0
6418,120.223971838,4,N1S2474,190.0.1.1,190.0.1.4,1052,NetworkReceiveFromLower,0,2474,20,Data,IPPROTO_UDP,0,,3.0
6432,120.312793569,4,N3S256,190.0.1.3,255.255.255.255,56,NetworkReceiveFromLower,0,256,20,Data,IPPROTO_UDP,192,,1.0
6434,120.318452704,4,N1S2476,190.0.1.1,190.0.1.4,1052,NetworkReceiveFromLower,0,2476,20,Data,IPPROTO_UDP,0,,3.0
6444,120.417354703,4,N1S2478,190.0.1.1,190.0.1.4,1052,NetworkReceiveFromLower,0,2478,20,Data,IPPROTO_UDP,0,,3.0
6460,120.516814703,4,N1S2480,190.0.1.1,190.0.1.4,1052,NetworkReceiveFromLower,0,2480,20,Data,IPPROTO_UDP,0,,3.0
6470,120.617074703,4,N1S2482,190.0.1.1,190.0.1.4,1052,NetworkReceiveFromLower,0,2482,20,Data,IPPROTO_UDP,0,,3.0
6480,120.717054703,4,N1S2484,190.0.1.1,190.0.1.4,1052,NetworkReceiveFromLower,0,2484,20,Data,IPPROTO_UDP,0,,3.0
6490,120.824171838,4,N1S2486,190.0.1.1,190.0.1.4,1052,NetworkReceiveFromLower,0,2486,20,Data,IPPROTO_UDP,0,,3.0
6500,120.923971838,4,N1S2488,190.0.1.1,190.0.1.4,1052,NetworkReceiveFromLower,0,2488,20,Data,IPPROTO_UDP,0,,3.0
6510,121.017354703,4,N1S2490,190.0.1.1,190.0.1.4,1052,NetworkReceiveFromLower,0,2490,20,Data,IPPROTO_UDP,0,,3.0
6520,121.117034703,4,N1S2492,190.0.1.1,190.0.1.4,1052,NetworkReceiveFromLower,0,2492,20,Data,IPPROTO_UDP,0,,3.0
6530,121.216894703,4,N1S2494,190.0.1.1,190.0.1.4,1052,NetworkReceiveFromLower,0,2494,20,Data,IPPROTO_UDP,0,,3.0
6540,121.317474703,4,N1S2496,190.0.1.1,190.0.1.4,1052,NetworkReceiveFromLower,0,2496,20,Data,IPPROTO_UDP,0,,3.0
6550,121.417614703,4,N1S2498,190.0.1.1,190.0.1.4,1052,NetworkReceiveFromLower,0,2498,20,Data,IPPROTO_UDP,0,,3.0
6560,121.517594703,4,N1S2500,190.0.1.1,190.0.1.4,1052,NetworkReceiveFromLower,0,2500,20,Data,IPPROTO_UDP,0,,3.0
6570,121.628948973,4,N1S2502,190.0.1.1,190.0.1.4,1052,NetworkReceiveFromLower,0,2502,20,Data,IPPROTO_UDP,0,,3.0
6580,121.716814703,4,N1S2504,190.0.1.1,190.0.1.4,1052,NetworkReceiveFromLower,0,2504,20,Data,IPPROTO_UDP,0,,3.0
6590,121.817434703,4,N1S2506,190.0.1.1,190.0.1.4,1052,NetworkReceiveFromLower,0,2506,20,Data,IPPROTO_UDP,0,,3.0
6600,121.916974703,4,N1S2508,190.0.1.1,190.0.1.4,1052,NetworkReceiveFromLower,0,2508,20,Data,IPPROTO_UDP,0,,3.0
6610,122.016874703,4,N1S2510,190.0.1.1,190.0.1.4,1052,NetworkReceiveFromLower,0,2510,20,Data,IPPROTO_UDP,0,,3.0
6630,122.117774703,4,N1S2513,190.0.1.1,190.0.1.4,1052,NetworkReceiveFromLower,0,2513,20,Data,IPPROTO_UDP,0,,3.0
6636,122.127092888,4,N3S320,190.0.1.3,255.255.255.255,64,NetworkReceiveFromLower,0,320,20,Data,IPPROTO_UDP,192,,1.0
6650,122.217374703,4,N1S2515,190.0.1.1,190.0.1.4,1052,NetworkReceiveFromLower,0,2515,20,Data,IPPROTO_UDP,0,,3.0
6660,122.322771838,4,N1S2517,190.0.1.1,190.0.1.4,1052,NetworkReceiveFromLower,0,2517,20,Data,IPPROTO_UDP,0,,3.0
6670,122.429208973,4,N1S2519,190.0.1.1,190.0.1.4,1052,NetworkReceiveFromLower,0,2519,20,Data,IPPROTO_UDP,0,,3.0
6680,122.517494703,4,N1S2521,190.0.1.1,190.0.1.4,1052,NetworkReceiveFromLower,0,2521,20,Data,IPPROTO_UDP,0,,3.0
6690,122.617214703,4,N1S2523,190.0.1.1,190.0.1.4,1052,NetworkReceiveFromLower,0,2523,20,Data,IPPROTO_UDP,0,,3.0
6700,122.716334703,4,N1S2525,190.0.1.1,190.0.1.4,1052,NetworkReceiveFromLower,0,2525,20,Data,IPPROTO_UDP,0,,3.0
6710,122.816414703,4,N1S2527,190.0.1.1,190.0.1.4,1052,NetworkReceiveFromLower,0,2527,20,Data,IPPROTO_UDP,0,,3.0
6720,122.922331838,4,N1S2529,190.0.1.1,190.0.1.4,1052,NetworkReceiveFromLower,0,2529,20,Data,IPPROTO_UDP,0,,3.0
6730,123.024331838,4,N1S2531,190.0.1.1,190.0.1.4,1052,NetworkReceiveFromLower,0,2531,20,Data,IPPROTO_UDP,0,,3.0
6740,123.117314703,4,N1S2533,190.0.1.1,190.0.1.4,1052,NetworkReceiveFromLower,0,2533,20,Data,IPPROTO_UDP,0,,3.0
6750,123.223751704,4,N1S2535,190.0.1.1,190.0.1.4,1052,NetworkReceiveFromLower,0,2535,20,Data,IPPROTO_UDP,0,,3.0
6760,123.317194703,4,N1S2538,190.0.1.1,190.0.1.4,1052,NetworkReceiveFromLower,0,2538,20,Data,IPPROTO_UDP,0,,3.0
6770,123.417314703,4,N1S2540,190.0.1.1,190.0.1.4,1052,NetworkReceiveFromLower,0,2540,20,Data,IPPROTO_UDP,0,,3.0
6780,123.517358703,4,N1S2542,190.0.1.1,190.0.1.4,1052,NetworkReceiveFromLower,0,2542,20,Data,IPPROTO_UDP,0,,3.0
6790,123.617294703,4,N1S2544,190.0.1.1,190.0.1.4,1052,NetworkReceiveFromLower,0,2544,20,Data,IPPROTO_UDP,0,,3.0
6800,123.717494703,4,N1S2546,190.0.1.1,190.0.1.4,1052,NetworkReceiveFromLower,0,2546,20,Data,IPPROTO_UDP,0,,3.0
6810,123.816674703,4,N1S2548,190.0.1.1,190.0.1.4,1052,NetworkReceiveFromLower,0,2548,20,Data,IPPROTO_UDP,0,,3.0
6820,123.917114703,4,N1S2550,190.0.1.1,190.0.1.4,1052,NetworkReceiveFromLower,0,2550,20,Data,IPPROTO_UDP,0,,3.0
6830,124.017074703,4,N1S2552,190.0.1.1,190.0.1.4,1052,NetworkReceiveFromLower,0,2552,20,Data,IPPROTO_UDP,0,,3.0
6848,124.117694703,4,N1S2555,190.0.1.1,190.0.1.4,1052,NetworkReceiveFromLower,0,2555,20,Data,IPPROTO_UDP,0,,3.0
6856,124.148900915,4,N3S386,190.0.1.3,255.255.255.255,64,NetworkReceiveFromLower,0,386,20,Data,IPPROTO_UDP,192,,1.0
6870,124.217094703,4,N1S2557,190.0.1.1,190.0.1.4,1052,NetworkReceiveFromLower,0,2557,20,Data,IPPROTO_UDP,0,,3.0
6880,124.317574703,4,N1S2559,190.0.1.1,190.0.1.4,1052,NetworkReceiveFromLower,0,2559,20,Data,IPPROTO_UDP,0,,3.0
6890,124.417374703,4,N1S2561,190.0.1.1,190.0.1.4,1052,NetworkReceiveFromLower,0,2561,20,Data,IPPROTO_UDP,0,,3.0
6900,124.517354703,4,N1S2563,190.0.1.1,190.0.1.4,1052,NetworkReceiveFromLower,0,2563,20,Data,IPPROTO_UDP,0,,3.0
6910,124.617394703,4,N1S2565,190.0.1.1,190.0.1.4,1052,NetworkReceiveFromLower,0,2565,20,Data,IPPROTO_UDP,0,,3.0
6920,124.716674703,4,N1S2567,190.0.1.1,190.0.1.4,1052,NetworkReceiveFromLower,0,2567,20,Data,IPPROTO_UDP,0,,3.0
6930,124.823291704,4,N1S2569,190.0.1.1,190.0.1.4,1052,NetworkReceiveFromLower,0,2569,20,Data,IPPROTO_UDP,0,,3.0
6940,124.917074703,4,N1S2571,190.0.1.1,190.0.1.4,1052,NetworkReceiveFromLower,0,2571,20,Data,IPPROTO_UDP,0,,3.0
6950,125.017054703,4,N1S2573,190.0.1.1,190.0.1.4,1052,NetworkReceiveFromLower,0,2573,20,Data,IPPROTO_UDP,0,,3.0
6960,125.116894703,4,N1S2575,190.0.1.1,190.0.1.4,1052,NetworkReceiveFromLower,0,2575,20,Data,IPPROTO_UDP,0,,3.0
6970,125.216974703,4,N1S2577,190.0.1.1,190.0.1.4,1052,NetworkReceiveFromLower,0,2577,20,Data,IPPROTO_UDP,0,,3.0
6980,125.329008973,4,N1S2579,190.0.1.1,190.0.1.4,1052,NetworkReceiveFromLower,0,2579,20,Data,IPPROTO_UDP,0,,3.0
6990,125.416994703,4,N1S2581,190.0.1.1,190.0.1.4,1052,NetworkReceiveFromLower,0,2581,20,Data,IPPROTO_UDP,0,,3.0
6996,125.461928954,4,N3S418,190.0.1.3,255.255.255.255,56,NetworkReceiveFromLower,0,418,20,Data,IPPROTO_UDP,192,,1.0
7006,125.523671838,4,N1S2583,190.0.1.1,190.0.1.4,1052,NetworkReceiveFromLower,0,2583,20,Data,IPPROTO_UDP,0,,3.0
7022,125.617274703,4,N1S2585,190.0.1.1,190.0.1.4,1052,NetworkReceiveFromLower,0,2585,20,Data,IPPROTO_UDP,0,,3.0
7038,125.717274703,4,N1S2587,190.0.1.1,190.0.1.4,1052,NetworkReceiveFromLower,0,2587,20,Data,IPPROTO_UDP,0,,3.0
7048,125.817194703,4,N1S2589,190.0.1.1,190.0.1.4,1052,NetworkReceiveFromLower,0,2589,20,Data,IPPROTO_UDP,0,,3.0
7054,125.879351057,4,N3S437,190.0.1.3,255.255.255.255,56,NetworkReceiveFromLower,0,437,20,Data,IPPROTO_UDP,192,,1.0
7064,125.922991838,4,N1S2591,190.0.1.1,190.0.1.4,1052,NetworkReceiveFromLower,0,2591,20,Data,IPPROTO_UDP,0,,3.0
7074,126.017438703,4,N1S2593,190.0.1.1,190.0.1.4,1052,NetworkReceiveFromLower,0,2593,20,Data,IPPROTO_UDP,0,,3.0
7088,126.116794703,4,N1S2596,190.0.1.1,190.0.1.4,1052,NetworkReceiveFromLower,0,2596,20,Data,IPPROTO_UDP,0,,3.0
7094,126.123434187,4,N3S454,190.0.1.3,255.255.255.255,64,NetworkReceiveFromLower,0,454,20,Data,IPPROTO_UDP,192,,1.0
7114,126.217334703,4,N1S2598,190.0.1.1,190.0.1.4,1052,NetworkReceiveFromLower,0,2598,20,Data,IPPROTO_UDP,0,,3.0
7124,126.323311838,4,N1S2600,190.0.1.1,190.0.1.4,1052,NetworkReceiveFromLower,0,2600,20,Data,IPPROTO_UDP,0,,3.0
7134,126.416914703,4,N1S2602,190.0.1.1,190.0.1.4,1052,NetworkReceiveFromLower,0,2602,20,Data,IPPROTO_UDP,0,,3.0
7144,126.516874703,4,N1S2604,190.0.1.1,190.0.1.4,1052,NetworkReceiveFromLower,0,2604,20,Data,IPPROTO_UDP,0,,3.0
7154,126.616934703,4,N1S2606,190.0.1.1,190.0.1.4,1052,NetworkReceiveFromLower,0,2606,20,Data,IPPROTO_UDP,0,,3.0
7164,126.716774703,4,N1S2608,190.0.1.1,190.0.1.4,1052,NetworkReceiveFromLower,0,2608,20,Data,IPPROTO_UDP,0,,3.0
7174,126.816654703,4,N1S2610,190.0.1.1,190.0.1.4,1052,NetworkReceiveFromLower,0,2610,20,Data,IPPROTO_UDP,0,,3.0
7184,126.916874703,4,N1S2612,190.0.1.1,190.0.1.4,1052,NetworkReceiveFromLower,0,2612,20,Data,IPPROTO_UDP,0,,3.0
7194,127.016914703,4,N1S2614,190.0.1.1,190.0.1.4,1052,NetworkReceiveFromLower,0,2614,20,Data,IPPROTO_UDP,0,,3.0
7204,127.117154703,4,N1S2616,190.0.1.1,190.0.1.4,1052,NetworkReceiveFromLower,0,2616,20,Data,IPPROTO_UDP,0,,3.0
7214,127.216994703,4,N1S2618,190.0.1.1,190.0.1.4,1052,NetworkReceiveFromLower,0,2618,20,Data,IPPROTO_UDP,0,,3.0
7224,127.322971838,4,N1S2620,190.0.1.1,190.0.1.4,1052,NetworkReceiveFromLower,0,2620,20,Data,IPPROTO_UDP,0,,3.0
7234,127.423871838,4,N1S2622,190.0.1.1,190.0.1.4,1052,NetworkReceiveFromLower,0,2622,20,Data,IPPROTO_UDP,0,,3.0
7244,127.517294703,4,N1S2624,190.0.1.1,190.0.1.4,1052,NetworkReceiveFromLower,0,2624,20,Data,IPPROTO_UDP,0,,3.0
7254,127.616814703,4,N1S2626,190.0.1.1,190.0.1.4,1052,NetworkReceiveFromLower,0,2626,20,Data,IPPROTO_UDP,0,,3.0
7264,127.717274703,4,N1S2628,190.0.1.1,190.0.1.4,1052,NetworkReceiveFromLower,0,2628,20,Data,IPPROTO_UDP,0,,3.0
7274,127.817654703,4,N1S2630,190.0.1.1,190.0.1.4,1052,NetworkReceiveFromLower,0,2630,20,Data,IPPROTO_UDP,0,,3.0
7284,127.922551838,4,N1S2632,190.0.1.1,190.0.1.4,1052,NetworkReceiveFromLower,0,2632,20,Data,IPPROTO_UDP,0,,3.0
7294,128.016234703,4,N1S2634,190.0.1.1,190.0.1.4,1052,NetworkReceiveFromLower,0,2634,20,Data,IPPROTO_UDP,0,,3.0
7312,128.117599703,4,N1S2637,190.0.1.1,190.0.1.4,1052,NetworkReceiveFromLower,0,2637,20,Data,IPPROTO_UDP,0,,3.0
7330,128.217598703,4,N1S2639,190.0.1.1,190.0.1.4,1052,NetworkReceiveFromLower,0,2639,20,Data,IPPROTO_UDP,0,,3.0
7340,128.316474703,4,N1S2641,190.0.1.1,190.0.1.4,1052,NetworkReceiveFromLower,0,2641,20,Data,IPPROTO_UDP,0,,3.0
7350,128.417094703,4,N1S2643,190.0.1.1,190.0.1.4,1052,NetworkReceiveFromLower,0,2643,20,Data,IPPROTO_UDP,0,,3.0
7360,128.517234703,4,N1S2645,190.0.1.1,190.0.1.4,1052,NetworkReceiveFromLower,0,2645,20,Data,IPPROTO_UDP,0,,3.0
7370,128.631328973,4,N1S2647,190.0.1.1,190.0.1.4,1052,NetworkReceiveFromLower,0,2647,20,Data,IPPROTO_UDP,0,,3.0
7380,128.717234703,4,N1S2649,190.0.1.1,190.0.1.4,1052,NetworkReceiveFromLower,0,2649,20,Data,IPPROTO_UDP,0,,3.0
7390,128.816774703,4,N1S2651,190.0.1.1,190.0.1.4,1052,NetworkReceiveFromLower,0,2651,20,Data,IPPROTO_UDP,0,,3.0
7400,128.916814703,4,N1S2653,190.0.1.1,190.0.1.4,1052,NetworkReceiveFromLower,0,2653,20,Data,IPPROTO_UDP,0,,3.0
7410,129.016634703,4,N1S2655,190.0.1.1,190.0.1.4,1052,NetworkReceiveFromLower,0,2655,20,Data,IPPROTO_UDP,0,,3.0
7420,129.117054703,4,N1S2657,190.0.1.1,190.0.1.4,1052,NetworkReceiveFromLower,0,2657,20,Data,IPPROTO_UDP,0,,3.0
7430,129.216914703,4,N1S2659,190.0.1.1,190.0.1.4,1052,NetworkReceiveFromLower,0,2659,20,Data,IPPROTO_UDP,0,,3.0
7440,129.317214703,4,N1S2661,190.0.1.1,190.0.1.4,1052,NetworkReceiveFromLower,0,2661,20,Data,IPPROTO_UDP,0,,3.0
7450,129.416574703,4,N1S2663,190.0.1.1,190.0.1.4,1052,NetworkReceiveFromLower,0,2663,20,Data,IPPROTO_UDP,0,,3.0
7460,129.524171838,4,N1S2665,190.0.1.1,190.0.1.4,1052,NetworkReceiveFromLower,0,2665,20,Data,IPPROTO_UDP,0,,3.0
7470,129.617134703,4,N1S2667,190.0.1.1,190.0.1.4,1052,NetworkReceiveFromLower,0,2667,20,Data,IPPROTO_UDP,0,,3.0
7480,129.717194703,4,N1S2669,190.0.1.1,190.0.1.4,1052,NetworkReceiveFromLower,0,2669,20,Data,IPPROTO_UDP,0,,3.0
7490,129.816954703,4,N1S2671,190.0.1.1,190.0.1.4,1052,NetworkReceiveFromLower,0,2671,20,Data,IPPROTO_UDP,0,,3.0
7500,129.917094703,4,N1S2673,190.0.1.1,190.0.1.4,1052,NetworkReceiveFromLower,0,2673,20,Data,IPPROTO_UDP,0,,3.0
7510,130.017334703,4,N1S2675,190.0.1.1,190.0.1.4,1052,NetworkReceiveFromLower,0,2675,20,Data,IPPROTO_UDP,0,,3.0
7526,130.124191704,4,N1S2678,190.0.1.1,190.0.1.4,1052,NetworkReceiveFromLower,0,2678,20,Data,IPPROTO_UDP,0,,3.0
7540,130.140430126,4,N3S583,190.0.1.3,255.255.255.255,64,NetworkReceiveFromLower,0,583,20,Data,IPPROTO_UDP,192,,1.0
7550,130.217354703,4,N1S2680,190.0.1.1,190.0.1.4,1052,NetworkReceiveFromLower,0,2680,20,Data,IPPROTO_UDP,0,,3.0
7566,130.316974703,4,N1S2682,190.0.1.1,190.0.1.4,1052,NetworkReceiveFromLower,0,2682,20,Data,IPPROTO_UDP,0,,3.0
7576,130.422651838,4,N1S2684,190.0.1.1,190.0.1.4,1052,NetworkReceiveFromLower,0,2684,20,Data,IPPROTO_UDP,0,,3.0
7584,130.492136097,4,N3S584,190.0.1.3,255.255.255.255,56,NetworkReceiveFromLower,0,584,20,Data,IPPROTO_UDP,192,,1.0
7588,130.492954098,4,N3S592,190.0.1.3,255.255.255.255,56,NetworkReceiveFromLower,0,592,20,Data,IPPROTO_UDP,192,,1.0
7598,130.517854703,4,N1S2686,190.0.1.1,190.0.1.4,1052,NetworkReceiveFromLower,0,2686,20,Data,IPPROTO_UDP,0,,3.0
7608,130.616714703,4,N1S2688,190.0.1.1,190.0.1.4,1052,NetworkReceiveFromLower,0,2688,20,Data,IPPROTO_UDP,0,,3.0
7618,130.717314703,4,N1S2690,190.0.1.1,190.0.1.4,1052,NetworkReceiveFromLower,0,2690,20,Data,IPPROTO_UDP,0,,3.0
7628,130.830048839,4,N1S2692,190.0.1.1,190.0.1.4,1052,NetworkReceiveFromLower,0,2692,20,Data,IPPROTO_UDP,0,,3.0
7638,130.916994703,4,N1S2695,190.0.1.1,190.0.1.4,1052,NetworkReceiveFromLower,0,2695,20,Data,IPPROTO_UDP,0,,3.0
7654,131.016934703,4,N1S2697,190.0.1.1,190.0.1.4,1052,NetworkReceiveFromLower,0,2697,20,Data,IPPROTO_UDP,0,,3.0
7664,131.130328973,4,N1S2699,190.0.1.1,190.0.1.4,1052,NetworkReceiveFromLower,0,2699,20,Data,IPPROTO_UDP,0,,3.0
7674,131.216554703,4,N1S2701,190.0.1.1,190.0.1.4,1052,NetworkReceiveFromLower,0,2701,20,Data,IPPROTO_UDP,0,,3.0
7684,131.322971838,4,N1S2703,190.0.1.1,190.0.1.4,1052,NetworkReceiveFromLower,0,2703,20,Data,IPPROTO_UDP,0,,3.0
7694,131.417574703,4,N1S2705,190.0.1.1,190.0.1.4,1052,NetworkReceiveFromLower,0,2705,20,Data,IPPROTO_UDP,0,,3.0
7704,131.517394703,4,N1S2707,190.0.1.1,190.0.1.4,1052,NetworkReceiveFromLower,0,2707,20,Data,IPPROTO_UDP,0,,3.0
7714,131.617174703,4,N1S2709,190.0.1.1,190.0.1.4,1052,NetworkReceiveFromLower,0,2709,20,Data,IPPROTO_UDP,0,,3.0
7724,131.729568839,4,N1S2711,190.0.1.1,190.0.1.4,1052,NetworkReceiveFromLower,0,2711,20,Data,IPPROTO_UDP,0,,3.0
7734,131.817294703,4,N1S2714,190.0.1.1,190.0.1.4,1052,NetworkReceiveFromLower,0,2714,20,Data,IPPROTO_UDP,0,,3.0
7744,131.917214703,4,N1S2716,190.0.1.1,190.0.1.4,1052,NetworkReceiveFromLower,0,2716,20,Data,IPPROTO_UDP,0,,3.0
7754,132.017374703,4,N1S2718,190.0.1.1,190.0.1.4,1052,NetworkReceiveFromLower,0,2718,20,Data,IPPROTO_UDP,0,,3.0
7764,132.098429026,4,N3S653,190.0.1.3,255.255.255.255,64,NetworkReceiveFromLower,0,653,20,Data,IPPROTO_UDP,192,,1.0
7774,132.116894703,4,N1S2721,190.0.1.1,190.0.1.4,1052,NetworkReceiveFromLower,0,2721,20,Data,IPPROTO_UDP,0,,3.0
7794,132.217294703,4,N1S2723,190.0.1.1,190.0.1.4,1052,NetworkReceiveFromLower,0,2723,20,Data,IPPROTO_UDP,0,,3.0
7804,132.317354703,4,N1S2725,190.0.1.1,190.0.1.4,1052,NetworkReceiveFromLower,0,2725,20,Data,IPPROTO_UDP,0,,3.0
7814,132.416854703,4,N1S2727,190.0.1.1,190.0.1.4,1052,NetworkReceiveFromLower,0,2727,20,Data,IPPROTO_UDP,0,,3.0
7824,132.516774703,4,N1S2729,190.0.1.1,190.0.1.4,1052,NetworkReceiveFromLower,0,2729,20,Data,IPPROTO_UDP,0,,3.0
7834,132.617654703,4,N1S2731,190.0.1.1,190.0.1.4,1052,NetworkReceiveFromLower,0,2731,20,Data,IPPROTO_UDP,0,,3.0
7844,132.716834703,4,N1S2733,190.0.1.1,190.0.1.4,1052,NetworkReceiveFromLower,0,2733,20,Data,IPPROTO_UDP,0,,3.0
7854,132.817054703,4,N1S2735,190.0.1.1,190.0.1.4,1052,NetworkReceiveFromLower,0,2735,20,Data,IPPROTO_UDP,0,,3.0
7864,132.917234703,4,N1S2737,190.0.1.1,190.0.1.4,1052,NetworkReceiveFromLower,0,2737,20,Data,IPPROTO_UDP,0,,3.0
7874,133.017174703,4,N1S2739,190.0.1.1,190.0.1.4,1052,NetworkReceiveFromLower,0,2739,20,Data,IPPROTO_UDP,0,,3.0
7884,133.116774703,4,N1S2741,190.0.1.1,190.0.1.4,1052,NetworkReceiveFromLower,0,2741,20,Data,IPPROTO_UDP,0,,3.0
7894,133.223071838,4,N1S2743,190.0.1.1,190.0.1.4,1052,NetworkReceiveFromLower,0,2743,20,Data,IPPROTO_UDP,0,,3.0
7904,133.329148973,4,N1S2745,190.0.1.1,190.0.1.4,1052,NetworkReceiveFromLower,0,2745,20,Data,IPPROTO_UDP,0,,3.0
7914,133.417194703,4,N1S2747,190.0.1.1,190.0.1.4,1052,NetworkReceiveFromLower,0,2747,20,Data,IPPROTO_UDP,0,,3.0
7924,133.516874703,4,N1S2749,190.0.1.1,190.0.1.4,1052,NetworkReceiveFromLower,0,2749,20,Data,IPPROTO_UDP,0,,3.0
7934,133.623495838,4,N1S2751,190.0.1.1,190.0.1.4,1052,NetworkReceiveFromLower,0,2751,20,Data,IPPROTO_UDP,0,,3.0
7944,133.722951838,4,N1S2753,190.0.1.1,190.0.1.4,1052,NetworkReceiveFromLower,0,2753,20,Data,IPPROTO_UDP,0,,3.0
7954,133.829188973,4,N1S2755,190.0.1.1,190.0.1.4,1052,NetworkReceiveFromLower,0,2755,20,Data,IPPROTO_UDP,0,,3.0
7964,133.923591838,4,N1S2757,190.0.1.1,190.0.1.4,1052,NetworkReceiveFromLower,0,2757,20,Data,IPPROTO_UDP,0,,3.0
7974,134.017834703,4,N1S2759,190.0.1.1,190.0.1.4,1052,NetworkReceiveFromLower,0,2759,20,Data,IPPROTO_UDP,0,,3.0
7992,134.117274703,4,N1S2762,190.0.1.1,190.0.1.4,1052,NetworkReceiveFromLower,0,2762,20,Data,IPPROTO_UDP,0,,3.0
7998,134.12362136,4,N3S723,190.0.1.3,255.255.255.255,64,NetworkReceiveFromLower,0,723,20,Data,IPPROTO_UDP,192,,1.0
8014,134.217594703,4,N1S2764,190.0.1.1,190.0.1.4,1052,NetworkReceiveFromLower,0,2764,20,Data,IPPROTO_UDP,0,,3.0
8024,134.317074703,4,N1S2766,190.0.1.1,190.0.1.4,1052,NetworkReceiveFromLower,0,2766,20,Data,IPPROTO_UDP,0,,3.0
8034,134.428248973,4,N1S2768,190.0.1.1,190.0.1.4,1052,NetworkReceiveFromLower,0,2768,20,Data,IPPROTO_UDP,0,,3.0
8044,134.523771838,4,N1S2770,190.0.1.1,190.0.1.4,1052,NetworkReceiveFromLower,0,2770,20,Data,IPPROTO_UDP,0,,3.0
8054,134.623871838,4,N1S2772,190.0.1.1,190.0.1.4,1052,NetworkReceiveFromLower,0,2772,20,Data,IPPROTO_UDP,0,,3.0
8064,134.738606108,4,N1S2774,190.0.1.1,190.0.1.4,1052,NetworkReceiveFromLower,0,2774,20,Data,IPPROTO_UDP,0,,3.0
8074,134.817234703,4,N1S2776,190.0.1.1,190.0.1.4,1052,NetworkReceiveFromLower,0,2776,20,Data,IPPROTO_UDP,0,,3.0
8084,134.916954703,4,N1S2778,190.0.1.1,190.0.1.4,1052,NetworkReceiveFromLower,0,2778,20,Data,IPPROTO_UDP,0,,3.0
8094,135.016974703,4,N1S2780,190.0.1.1,190.0.1.4,1052,NetworkReceiveFromLower,0,2780,20,Data,IPPROTO_UDP,0,,3.0
8104,135.124371838,4,N1S2782,190.0.1.1,190.0.1.4,1052,NetworkReceiveFromLower,0,2782,20,Data,IPPROTO_UDP,0,,3.0
8114,135.222751838,4,N1S2784,190.0.1.1,190.0.1.4,1052,NetworkReceiveFromLower,0,2784,20,Data,IPPROTO_UDP,0,,3.0
8124,135.317594703,4,N1S2786,190.0.1.1,190.0.1.4,1052,NetworkReceiveFromLower,0,2786,20,Data,IPPROTO_UDP,0,,3.0
8130,135.359625013,4,N3S761,190.0.1.3,255.255.255.255,56,NetworkReceiveFromLower,0,761,20,Data,IPPROTO_UDP,192,,1.0
8142,135.417314703,4,N1S2788,190.0.1.1,190.0.1.4,1052,NetworkReceiveFromLower,0,2788,20,Data,IPPROTO_UDP,0,,3.0
8156,135.524191838,4,N1S2790,190.0.1.1,190.0.1.4,1052,NetworkReceiveFromLower,0,2790,20,Data,IPPROTO_UDP,0,,3.0
8162,135.58941605,4,N3S776,190.0.1.3,255.255.255.255,56,NetworkReceiveFromLower,0,776,20,Data,IPPROTO_UDP,192,,1.0
8172,135.617314703,4,N1S2792,190.0.1.1,190.0.1.4,1052,NetworkReceiveFromLower,0,2792,20,Data,IPPROTO_UDP,0,,3.0
8182,135.724091838,4,N1S2794,190.0.1.1,190.0.1.4,1052,NetworkReceiveFromLower,0,2794,20,Data,IPPROTO_UDP,0,,3.0
8198,135.817394703,4,N1S2796,190.0.1.1,190.0.1.4,1052,NetworkReceiveFromLower,0,2796,20,Data,IPPROTO_UDP,0,,3.0
8208,135.917534703,4,N1S2798,190.0.1.1,190.0.1.4,1052,NetworkReceiveFromLower,0,2798,20,Data,IPPROTO_UDP,0,,3.0
8218,136.023131838,4,N1S2800,190.0.1.1,190.0.1.4,1052,NetworkReceiveFromLower,0,2800,20,Data,IPPROTO_UDP,0,,3.0
8238,136.117014703,4,N1S2803,190.0.1.1,190.0.1.4,1052,NetworkReceiveFromLower,0,2803,20,Data,IPPROTO_UDP,0,,3.0
8248,136.144482434,4,N3S798,190.0.1.3,255.255.255.255,64,NetworkReceiveFromLower,0,798,20,Data,IPPROTO_UDP,192,,1.0
8258,136.216994703,4,N1S2805,190.0.1.1,190.0.1.4,1052,NetworkReceiveFromLower,0,2805,20,Data,IPPROTO_UDP,0,,3.0
8268,136.322331838,4,N1S2807,190.0.1.1,190.0.1.4,1052,NetworkReceiveFromLower,0,2807,20,Data,IPPROTO_UDP,0,,3.0
8278,136.417514703,4,N1S2809,190.0.1.1,190.0.1.4,1052,NetworkReceiveFromLower,0,2809,20,Data,IPPROTO_UDP,0,,3.0
8288,136.516794703,4,N1S2811,190.0.1.1,190.0.1.4,1052,NetworkReceiveFromLower,0,2811,20,Data,IPPROTO_UDP,0,,3.0
8298,136.628628839,4,N1S2813,190.0.1.1,190.0.1.4,1052,NetworkReceiveFromLower,0,2813,20,Data,IPPROTO_UDP,0,,3.0
8308,136.717054703,4,N1S2815,190.0.1.1,190.0.1.4,1052,NetworkReceiveFromLower,0,2815,20,Data,IPPROTO_UDP,0,,3.0
8318,136.823991838,4,N1S2817,190.0.1.1,190.0.1.4,1052,NetworkReceiveFromLower,0,2817,20,Data,IPPROTO_UDP,0,,3.0
8328,136.917014703,4,N1S2819,190.0.1.1,190.0.1.4,1052,NetworkReceiveFromLower,0,2819,20,Data,IPPROTO_UDP,0,,3.0
8338,137.017374703,4,N1S2821,190.0.1.1,190.0.1.4,1052,NetworkReceiveFromLower,0,2821,20,Data,IPPROTO_UDP,0,,3.0
8348,137.117354703,4,N1S2823,190.0.1.1,190.0.1.4,1052,NetworkReceiveFromLower,0,2823,20,Data,IPPROTO_UDP,0,,3.0
8358,137.216954703,4,N1S2825,190.0.1.1,190.0.1.4,1052,NetworkReceiveFromLower,0,2825,20,Data,IPPROTO_UDP,0,,3.0
8368,137.316734703,4,N1S2827,190.0.1.1,190.0.1.4,1052,NetworkReceiveFromLower,0,2827,20,Data,IPPROTO_UDP,0,,3.0
8378,137.417214703,4,N1S2829,190.0.1.1,190.0.1.4,1052,NetworkReceiveFromLower,0,2829,20,Data,IPPROTO_UDP,0,,3.0
8388,137.517434703,4,N1S2831,190.0.1.1,190.0.1.4,1052,NetworkReceiveFromLower,0,2831,20,Data,IPPROTO_UDP,0,,3.0
8398,137.617194703,4,N1S2833,190.0.1.1,190.0.1.4,1052,NetworkReceiveFromLower,0,2833,20,Data,IPPROTO_UDP,0,,3.0
8408,137.723271838,4,N1S2835,190.0.1.1,190.0.1.4,1052,NetworkReceiveFromLower,0,2835,20,Data,IPPROTO_UDP,0,,3.0
8418,137.816834703,4,N1S2837,190.0.1.1,190.0.1.4,1052,NetworkReceiveFromLower,0,2837,20,Data,IPPROTO_UDP,0,,3.0
8428,137.923271838,4,N1S2839,190.0.1.1,190.0.1.4,1052,NetworkReceiveFromLower,0,2839,20,Data,IPPROTO_UDP,0,,3.0
8438,138.023491838,4,N1S2841,190.0.1.1,190.0.1.4,1052,NetworkReceiveFromLower,0,2841,20,Data,IPPROTO_UDP,0,,3.0
8454,138.130068973,4,N1S2844,190.0.1.1,190.0.1.4,1052,NetworkReceiveFromLower,0,2844,20,Data,IPPROTO_UDP,0,,3.0
8464,138.152502034,4,N3S867,190.0.1.3,255.255.255.255,64,NetworkReceiveFromLower,0,867,20,Data,IPPROTO_UDP,192,,1.0
8478,138.216754703,4,N1S2846,190.0.1.1,190.0.1.4,1052,NetworkReceiveFromLower,0,2846,20,Data,IPPROTO_UDP,0,,3.0
8488,138.317734703,4,N1S2848,190.0.1.1,190.0.1.4,1052,NetworkReceiveFromLower,0,2848,20,Data,IPPROTO_UDP,0,,3.0
8498,138.416834703,4,N1S2850,190.0.1.1,190.0.1.4,1052,NetworkReceiveFromLower,0,2850,20,Data,IPPROTO_UDP,0,,3.0
8508,138.517414703,4,N1S2852,190.0.1.1,190.0.1.4,1052,NetworkReceiveFromLower,0,2852,20,Data,IPPROTO_UDP,0,,3.0
8518,138.617174703,4,N1S2854,190.0.1.1,190.0.1.4,1052,NetworkReceiveFromLower,0,2854,20,Data,IPPROTO_UDP,0,,3.0
8528,138.716874703,4,N1S2856,190.0.1.1,190.0.1.4,1052,NetworkReceiveFromLower,0,2856,20,Data,IPPROTO_UDP,0,,3.0
8538,138.817214703,4,N1S2858,190.0.1.1,190.0.1.4,1052,NetworkReceiveFromLower,0,2858,20,Data,IPPROTO_UDP,0,,3.0
8548,138.916714703,4,N1S2860,190.0.1.1,190.0.1.4,1052,NetworkReceiveFromLower,0,2860,20,Data,IPPROTO_UDP,0,,3.0
8558,139.017074703,4,N1S2862,190.0.1.1,190.0.1.4,1052,NetworkReceiveFromLower,0,2862,20,Data,IPPROTO_UDP,0,,3.0
8568,139.116994703,4,N1S2864,190.0.1.1,190.0.1.4,1052,NetworkReceiveFromLower,0,2864,20,Data,IPPROTO_UDP,0,,3.0
8578,139.216874703,4,N1S2866,190.0.1.1,190.0.1.4,1052,NetworkReceiveFromLower,0,2866,20,Data,IPPROTO_UDP,0,,3.0
8588,139.316934703,4,N1S2868,190.0.1.1,190.0.1.4,1052,NetworkReceiveFromLower,0,2868,20,Data,IPPROTO_UDP,0,,3.0
8598,139.423271838,4,N1S2870,190.0.1.1,190.0.1.4,1052,NetworkReceiveFromLower,0,2870,20,Data,IPPROTO_UDP,0,,3.0
8608,139.523171838,4,N1S2872,190.0.1.1,190.0.1.4,1052,NetworkReceiveFromLower,0,2872,20,Data,IPPROTO_UDP,0,,3.0
8618,139.623111704,4,N1S2874,190.0.1.1,190.0.1.4,1052,NetworkReceiveFromLower,0,2874,20,Data,IPPROTO_UDP,0,,3.0
8628,139.729268973,4,N1S2877,190.0.1.1,190.0.1.4,1052,NetworkReceiveFromLower,0,2877,20,Data,IPPROTO_UDP,0,,3.0
8638,139.817394703,4,N1S2879,190.0.1.1,190.0.1.4,1052,NetworkReceiveFromLower,0,2879,20,Data,IPPROTO_UDP,0,,3.0
8648,139.917014703,4,N1S2881,190.0.1.1,190.0.1.4,1052,NetworkReceiveFromLower,0,2881,20,Data,IPPROTO_UDP,0,,3.0
8658,140.017014703,4,N1S2883,190.0.1.1,190.0.1.4,1052,NetworkReceiveFromLower,0,2883,20,Data,IPPROTO_UDP,0,,3.0
8676,140.100229358,4,N3S935,190.0.1.3,255.255.255.255,64,NetworkReceiveFromLower,0,935,20,Data,IPPROTO_UDP,192,,1.0
8684,140.116774703,4,N1S2886,190.0.1.1,190.0.1.4,1052,NetworkReceiveFromLower,0,2886,20,Data,IPPROTO_UDP,0,,3.0
8698,140.222811838,4,N1S2888,190.0.1.1,190.0.1.4,1052,NetworkReceiveFromLower,0,2888,20,Data,IPPROTO_UDP,0,,3.0
8708,140.316854703,4,N1S2890,190.0.1.1,190.0.1.4,1052,NetworkReceiveFromLower,0,2890,20,Data,IPPROTO_UDP,0,,3.0
8714,140.351894006,4,N3S936,190.0.1.3,255.255.255.255,56,NetworkReceiveFromLower,0,936,20,Data,IPPROTO_UDP,192,,1.0
8730,140.416734703,4,N1S2892,190.0.1.1,190.0.1.4,1052,NetworkReceiveFromLower,0,2892,20,Data,IPPROTO_UDP,0,,3.0
8746,140.516854703,4,N1S2894,190.0.1.1,190.0.1.4,1052,NetworkReceiveFromLower,0,2894,20,Data,IPPROTO_UDP,0,,3.0
8756,140.617094703,4,N1S2896,190.0.1.1,190.0.1.4,1052,NetworkReceiveFromLower,0,2896,20,Data,IPPROTO_UDP,0,,3.0
8762,140.627704739,4,N3S947,190.0.1.3,255.255.255.255,56,NetworkReceiveFromLower,0,947,20,Data,IPPROTO_UDP,192,,1.0
8772,140.724031838,4,N1S2898,190.0.1.1,190.0.1.4,1052,NetworkReceiveFromLower,0,2898,20,Data,IPPROTO_UDP,0,,3.0
8782,140.817074703,4,N1S2900,190.0.1.1,190.0.1.4,1052,NetworkReceiveFromLower,0,2900,20,Data,IPPROTO_UDP,0,,3.0
8792,140.917294703,4,N1S2902,190.0.1.1,190.0.1.4,1052,NetworkReceiveFromLower,0,2902,20,Data,IPPROTO_UDP,0,,3.0
8802,141.022471838,4,N1S2904,190.0.1.1,190.0.1.4,1052,NetworkReceiveFromLower,0,2904,20,Data,IPPROTO_UDP,0,,3.0
8812,141.123231838,4,N1S2906,190.0.1.1,190.0.1.4,1052,NetworkReceiveFromLower,0,2906,20,Data,IPPROTO_UDP,0,,3.0
8822,141.217474703,4,N1S2908,190.0.1.1,190.0.1.4,1052,NetworkReceiveFromLower,0,2908,20,Data,IPPROTO_UDP,0,,3.0
8832,141.316674703,4,N1S2910,190.0.1.1,190.0.1.4,1052,NetworkReceiveFromLower,0,2910,20,Data,IPPROTO_UDP,0,,3.0
8842,141.417114703,4,N1S2912,190.0.1.1,190.0.1.4,1052,NetworkReceiveFromLower,0,2912,20,Data,IPPROTO_UDP,0,,3.0
8852,141.517554703,4,N1S2914,190.0.1.1,190.0.1.4,1052,NetworkReceiveFromLower,0,2914,20,Data,IPPROTO_UDP,0,,3.0
8877,141.717374703,4,N1S2920,190.0.1.1,190.0.1.4,1052,NetworkReceiveFromLower,0,2920,20,Data,IPPROTO_UDP,0,,3.0
8887,141.816934703,4,N1S2922,190.0.1.1,190.0.1.4,1052,NetworkReceiveFromLower,0,2922,20,Data,IPPROTO_UDP,0,,3.0
8897,141.917554703,4,N1S2924,190.0.1.1,190.0.1.4,1052,NetworkReceiveFromLower,0,2924,20,Data,IPPROTO_UDP,0,,3.0
8907,142.017614703,4,N1S2926,190.0.1.1,190.0.1.4,1052,NetworkReceiveFromLower,0,2926,20,Data,IPPROTO_UDP,0,,3.0
8931,142.117470704,4,N1S2929,190.0.1.1,190.0.1.4,1052,NetworkReceiveFromLower,0,2929,20,Data,IPPROTO_UDP,0,,3.0
8941,142.216894703,4,N1S2932,190.0.1.1,190.0.1.4,1052,NetworkReceiveFromLower,0,2932,20,Data,IPPROTO_UDP,0,,3.0
8951,142.316834703,4,N1S2934,190.0.1.1,190.0.1.4,1052,NetworkReceiveFromLower,0,2934,20,Data,IPPROTO_UDP,0,,3.0
8961,142.422711838,4,N1S2936,190.0.1.1,190.0.1.4,1052,NetworkReceiveFromLower,0,2936,20,Data,IPPROTO_UDP,0,,3.0
8971,142.516934703,4,N1S2938,190.0.1.1,190.0.1.4,1052,NetworkReceiveFromLower,0,2938,20,Data,IPPROTO_UDP,0,,3.0
8981,142.629168973,4,N1S2940,190.0.1.1,190.0.1.4,1052,NetworkReceiveFromLower,0,2940,20,Data,IPPROTO_UDP,0,,3.0
8991,142.717214703,4,N1S2942,190.0.1.1,190.0.1.4,1052,NetworkReceiveFromLower,0,2942,20,Data,IPPROTO_UDP,0,,3.0
9001,142.817234703,4,N1S2944,190.0.1.1,190.0.1.4,1052,NetworkReceiveFromLower,0,2944,20,Data,IPPROTO_UDP,0,,3.0
9011,142.917274703,4,N1S2946,190.0.1.1,190.0.1.4,1052,NetworkReceiveFromLower,0,2946,20,Data,IPPROTO_UDP,0,,3.0
9021,143.017554703,4,N1S2948,190.0.1.1,190.0.1.4,1052,NetworkReceiveFromLower,0,2948,20,Data,IPPROTO_UDP,0,,3.0
9031,143.117774703,4,N1S2950,190.0.1.1,190.0.1.4,1052,NetworkReceiveFromLower,0,2950,20,Data,IPPROTO_UDP,0,,3.0
9041,143.217778703,4,N1S2952,190.0.1.1,190.0.1.4,1052,NetworkReceiveFromLower,0,2952,20,Data,IPPROTO_UDP,0,,3.0
9051,143.316714703,4,N1S2954,190.0.1.1,190.0.1.4,1052,NetworkReceiveFromLower,0,2954,20,Data,IPPROTO_UDP,0,,3.0
9061,143.417314703,4,N1S2956,190.0.1.1,190.0.1.4,1052,NetworkReceiveFromLower,0,2956,20,Data,IPPROTO_UDP,0,,3.0
9071,143.517734703,4,N1S2958,190.0.1.1,190.0.1.4,1052,NetworkReceiveFromLower,0,2958,20,Data,IPPROTO_UDP,0,,3.0
9081,143.617154703,4,N1S2960,190.0.1.1,190.0.1.4,1052,NetworkReceiveFromLower,0,2960,20,Data,IPPROTO_UDP,0,,3.0
9091,143.716394703,4,N1S2962,190.0.1.1,190.0.1.4,1052,NetworkReceiveFromLower,0,2962,20,Data,IPPROTO_UDP,0,,3.0
9101,143.822871838,4,N1S2964,190.0.1.1,190.0.1.4,1052,NetworkReceiveFromLower,0,2964,20,Data,IPPROTO_UDP,0,,3.0
9111,143.916914703,4,N1S2966,190.0.1.1,190.0.1.4,1052,NetworkReceiveFromLower,0,2966,20,Data,IPPROTO_UDP,0,,3.0
9121,144.023695838,4,N1S2968,190.0.1.1,190.0.1.4,1052,NetworkReceiveFromLower,0,2968,20,Data,IPPROTO_UDP,0,,3.0
9147,144.140436109,4,N1S2971,190.0.1.1,190.0.1.4,1052,NetworkReceiveFromLower,0,2971,20,Data,IPPROTO_UDP,0,,3.0
9157,144.217094703,4,N1S2973,190.0.1.1,190.0.1.4,1052,NetworkReceiveFromLower,0,2973,20,Data,IPPROTO_UDP,0,,3.0
9167,144.317374703,4,N1S2975,190.0.1.1,190.0.1.4,1052,NetworkReceiveFromLower,0,2975,20,Data,IPPROTO_UDP,0,,3.0
9177,144.417314703,4,N1S2977,190.0.1.1,190.0.1.4,1052,NetworkReceiveFromLower,0,2977,20,Data,IPPROTO_UDP,0,,3.0
9187,144.531348973,4,N1S2979,190.0.1.1,190.0.1.4,1052,NetworkReceiveFromLower,0,2979,20,Data,IPPROTO_UDP,0,,3.0
9197,144.616594703,4,N1S2981,190.0.1.1,190.0.1.4,1052,NetworkReceiveFromLower,0,2981,20,Data,IPPROTO_UDP,0,,3.0
9207,144.716854703,4,N1S2983,190.0.1.1,190.0.1.4,1052,NetworkReceiveFromLower,0,2983,20,Data,IPPROTO_UDP,0,,3.0
9217,144.816914703,4,N1S2985,190.0.1.1,190.0.1.4,1052,NetworkReceiveFromLower,0,2985,20,Data,IPPROTO_UDP,0,,3.0
9227,144.922751838,4,N1S2987,190.0.1.1,190.0.1.4,1052,NetworkReceiveFromLower,0,2987,20,Data,IPPROTO_UDP,0,,3.0
9237,145.023651838,4,N1S2989,190.0.1.1,190.0.1.4,1052,NetworkReceiveFromLower,0,2989,20,Data,IPPROTO_UDP,0,,3.0
9247,145.129448973,4,N1S2991,190.0.1.1,190.0.1.4,1052,NetworkReceiveFromLower,0,2991,20,Data,IPPROTO_UDP,0,,3.0
9257,145.216974703,4,N1S2993,190.0.1.1,190.0.1.4,1052,NetworkReceiveFromLower,0,2993,20,Data,IPPROTO_UDP,0,,3.0
9273,145.317114703,4,N1S2995,190.0.1.1,190.0.1.4,1052,NetworkReceiveFromLower,0,2995,20,Data,IPPROTO_UDP,0,,3.0
9283,145.417194703,4,N1S2997,190.0.1.1,190.0.1.4,1052,NetworkReceiveFromLower,0,2997,20,Data,IPPROTO_UDP,0,,3.0
9294,145.536130108,4,N1S2999,190.0.1.1,190.0.1.4,1052,NetworkReceiveFromLower,0,2999,20,Data,IPPROTO_UDP,0,,3.0
9299,145.537407242,4,N3S1111,190.0.1.3,255.255.255.255,56,NetworkReceiveFromLower,0,1111,20,Data,IPPROTO_UDP,192,,1.0
9319,145.612408569,4,N3S1120,190.0.1.3,255.255.255.255,56,NetworkReceiveFromLower,0,1120,20,Data,IPPROTO_UDP,192,,1.0
9321,145.618047704,4,N1S3001,190.0.1.1,190.0.1.4,1052,NetworkReceiveFromLower,0,3001,20,Data,IPPROTO_UDP,0,,3.0
9331,145.717454703,4,N1S3003,190.0.1.1,190.0.1.4,1052,NetworkReceiveFromLower,0,3003,20,Data,IPPROTO_UDP,0,,3.0
9341,145.823471838,4,N1S3005,190.0.1.1,190.0.1.4,1052,NetworkReceiveFromLower,0,3005,20,Data,IPPROTO_UDP,0,,3.0
9351,145.917554703,4,N1S3007,190.0.1.1,190.0.1.4,1052,NetworkReceiveFromLower,0,3007,20,Data,IPPROTO_UDP,0,,3.0
9361,146.017294703,4,N1S3009,190.0.1.1,190.0.1.4,1052,NetworkReceiveFromLower,0,3009,20,Data,IPPROTO_UDP,0,,3.0
9381,146.117479703,4,N1S3012,190.0.1.1,190.0.1.4,1052,NetworkReceiveFromLower,0,3012,20,Data,IPPROTO_UDP,0,,3.0
9391,146.163914092,4,N3S1149,190.0.1.3,255.255.255.255,64,NetworkReceiveFromLower,0,1149,20,Data,IPPROTO_UDP,192,,1.0
9401,146.222571838,4,N1S3014,190.0.1.1,190.0.1.4,1052,NetworkReceiveFromLower,0,3014,20,Data,IPPROTO_UDP,0,,3.0
9411,146.317294703,4,N1S3016,190.0.1.1,190.0.1.4,1052,NetworkReceiveFromLower,0,3016,20,Data,IPPROTO_UDP,0,,3.0
9421,146.417414703,4,N1S3018,190.0.1.1,190.0.1.4,1052,NetworkReceiveFromLower,0,3018,20,Data,IPPROTO_UDP,0,,3.0
9431,146.517534703,4,N1S3020,190.0.1.1,190.0.1.4,1052,NetworkReceiveFromLower,0,3020,20,Data,IPPROTO_UDP,0,,3.0
9441,146.616614703,4,N1S3022,190.0.1.1,190.0.1.4,1052,NetworkReceiveFromLower,0,3022,20,Data,IPPROTO_UDP,0,,3.0
9451,146.717094703,4,N1S3024,190.0.1.1,190.0.1.4,1052,NetworkReceiveFromLower,0,3024,20,Data,IPPROTO_UDP,0,,3.0
9461,146.817694703,4,N1S3026,190.0.1.1,190.0.1.4,1052,NetworkReceiveFromLower,0,3026,20,Data,IPPROTO_UDP,0,,3.0
9471,146.917194703,4,N1S3028,190.0.1.1,190.0.1.4,1052,NetworkReceiveFromLower,0,3028,20,Data,IPPROTO_UDP,0,,3.0
9481,147.017314703,4,N1S3030,190.0.1.1,190.0.1.4,1052,NetworkReceiveFromLower,0,3030,20,Data,IPPROTO_UDP,0,,3.0
9491,147.129788839,4,N1S3032,190.0.1.1,190.0.1.4,1052,NetworkReceiveFromLower,0,3032,20,Data,IPPROTO_UDP,0,,3.0
9501,147.230768973,4,N1S3035,190.0.1.1,190.0.1.4,1052,NetworkReceiveFromLower,0,3035,20,Data,IPPROTO_UDP,0,,3.0
9511,147.316814703,4,N1S3037,190.0.1.1,190.0.1.4,1052,NetworkReceiveFromLower,0,3037,20,Data,IPPROTO_UDP,0,,3.0
9521,147.42303183799999,4,N1S3039,190.0.1.1,190.0.1.4,1052,NetworkReceiveFromLower,0,3039,20,Data,IPPROTO_UDP,0,,3.0
9531,147.517474703,4,N1S3041,190.0.1.1,190.0.1.4,1052,NetworkReceiveFromLower,0,3041,20,Data,IPPROTO_UDP,0,,3.0
9541,147.622571838,4,N1S3043,190.0.1.1,190.0.1.4,1052,NetworkReceiveFromLower,0,3043,20,Data,IPPROTO_UDP,0,,3.0
9551,147.723651838,4,N1S3045,190.0.1.1,190.0.1.4,1052,NetworkReceiveFromLower,0,3045,20,Data,IPPROTO_UDP,0,,3.0
9561,147.823691838,4,N1S3047,190.0.1.1,190.0.1.4,1052,NetworkReceiveFromLower,0,3047,20,Data,IPPROTO_UDP,0,,3.0
9571,147.917214703,4,N1S3049,190.0.1.1,190.0.1.4,1052,NetworkReceiveFromLower,0,3049,20,Data,IPPROTO_UDP,0,,3.0
9581,148.017194703,4,N1S3051,190.0.1.1,190.0.1.4,1052,NetworkReceiveFromLower,0,3051,20,Data,IPPROTO_UDP,0,,3.0
9600,148.116614703,4,N1S3054,190.0.1.1,190.0.1.4,1052,NetworkReceiveFromLower,0,3054,20,Data,IPPROTO_UDP,0,,3.0
9609,148.125477972,4,N3S1218,190.0.1.3,255.255.255.255,64,NetworkReceiveFromLower,0,1218,20,Data,IPPROTO_UDP,192,,1.0
9619,148.217094703,4,N1S3056,190.0.1.1,190.0.1.4,1052,NetworkReceiveFromLower,0,3056,20,Data,IPPROTO_UDP,0,,3.0
9629,148.322491838,4,N1S3058,190.0.1.1,190.0.1.4,1052,NetworkReceiveFromLower,0,3058,20,Data,IPPROTO_UDP,0,,3.0
9639,148.437526108,4,N1S3060,190.0.1.1,190.0.1.4,1052,NetworkReceiveFromLower,0,3060,20,Data,IPPROTO_UDP,0,,3.0
9656,148.516974703,4,N1S3064,190.0.1.1,190.0.1.4,1052,NetworkReceiveFromLower,0,3064,20,Data,IPPROTO_UDP,0,,3.0
9666,148.623191838,4,N1S3066,190.0.1.1,190.0.1.4,1052,NetworkReceiveFromLower,0,3066,20,Data,IPPROTO_UDP,0,,3.0
9676,148.716814703,4,N1S3068,190.0.1.1,190.0.1.4,1052,NetworkReceiveFromLower,0,3068,20,Data,IPPROTO_UDP,0,,3.0
9686,148.829528973,4,N1S3070,190.0.1.1,190.0.1.4,1052,NetworkReceiveFromLower,0,3070,20,Data,IPPROTO_UDP,0,,3.0
9696,148.923511838,4,N1S3072,190.0.1.1,190.0.1.4,1052,NetworkReceiveFromLower,0,3072,20,Data,IPPROTO_UDP,0,,3.0
9706,149.016934703,4,N1S3074,190.0.1.1,190.0.1.4,1052,NetworkReceiveFromLower,0,3074,20,Data,IPPROTO_UDP,0,,3.0
9716,149.123051838,4,N1S3076,190.0.1.1,190.0.1.4,1052,NetworkReceiveFromLower,0,3076,20,Data,IPPROTO_UDP,0,,3.0
9726,149.223431838,4,N1S3078,190.0.1.1,190.0.1.4,1052,NetworkReceiveFromLower,0,3078,20,Data,IPPROTO_UDP,0,,3.0
9736,149.317034703,4,N1S3080,190.0.1.1,190.0.1.4,1052,NetworkReceiveFromLower,0,3080,20,Data,IPPROTO_UDP,0,,3.0
9746,149.423451704,4,N1S3082,190.0.1.1,190.0.1.4,1052,NetworkReceiveFromLower,0,3082,20,Data,IPPROTO_UDP,0,,3.0
9756,149.517054703,4,N1S3084,190.0.1.1,190.0.1.4,1052,NetworkReceiveFromLower,0,3084,20,Data,IPPROTO_UDP,0,,3.0
9766,149.640666108,4,N1S3086,190.0.1.1,190.0.1.4,1052,NetworkReceiveFromLower,0,3086,20,Data,IPPROTO_UDP,0,,3.0
9776,149.722931838,4,N1S3088,190.0.1.1,190.0.1.4,1052,NetworkReceiveFromLower,0,3088,20,Data,IPPROTO_UDP,0,,3.0
9786,149.816554703,4,N1S3090,190.0.1.1,190.0.1.4,1052,NetworkReceiveFromLower,0,3090,20,Data,IPPROTO_UDP,0,,3.0
9796,149.917354703,4,N1S3092,190.0.1.1,190.0.1.4,1052,NetworkReceiveFromLower,0,3092,20,Data,IPPROTO_UDP,0,,3.0
9806,150.017454703,4,N1S3094,190.0.1.1,190.0.1.4,1052,NetworkReceiveFromLower,0,3094,20,Data,IPPROTO_UDP,0,,3.0
9832,150.123184838,4,N1S3097,190.0.1.1,190.0.1.4,1052,NetworkReceiveFromLower,0,3097,20,Data,IPPROTO_UDP,0,,3.0
9838,150.141359322,4,N3S1297,190.0.1.3,255.255.255.255,64,NetworkReceiveFromLower,0,1297,20,Data,IPPROTO_UDP,192,,1.0
9852,150.216934703,4,N1S3099,190.0.1.1,190.0.1.4,1052,NetworkReceiveFromLower,0,3099,20,Data,IPPROTO_UDP,0,,3.0
9858,150.257639639,4,N3S1301,190.0.1.3,255.255.255.255,56,NetworkReceiveFromLower,0,1301,20,Data,IPPROTO_UDP,192,,1.0
9868,150.317054703,4,N1S3101,190.0.1.1,190.0.1.4,1052,NetworkReceiveFromLower,0,3101,20,Data,IPPROTO_UDP,0,,3.0
9878,150.417154703,4,N1S3103,190.0.1.1,190.0.1.4,1052,NetworkReceiveFromLower,0,3103,20,Data,IPPROTO_UDP,0,,3.0
9884,150.466519449,4,N3S1298,190.0.1.3,255.255.255.255,56,NetworkReceiveFromLower,0,1298,20,Data,IPPROTO_UDP,192,,1.0
9900,150.516814703,4,N1S3105,190.0.1.1,190.0.1.4,1052,NetworkReceiveFromLower,0,3105,20,Data,IPPROTO_UDP,0,,3.0
9910,150.616814703,4,N1S3107,190.0.1.1,190.0.1.4,1052,NetworkReceiveFromLower,0,3107,20,Data,IPPROTO_UDP,0,,3.0
9920,150.716874703,4,N1S3109,190.0.1.1,190.0.1.4,1052,NetworkReceiveFromLower,0,3109,20,Data,IPPROTO_UDP,0,,3.0
9930,150.816674703,4,N1S3111,190.0.1.1,190.0.1.4,1052,NetworkReceiveFromLower,0,3111,20,Data,IPPROTO_UDP,0,,3.0
9940,150.917594703,4,N1S3113,190.0.1.1,190.0.1.4,1052,NetworkReceiveFromLower,0,3113,20,Data,IPPROTO_UDP,0,,3.0
9950,151.023151838,4,N1S3115,190.0.1.1,190.0.1.4,1052,NetworkReceiveFromLower,0,3115,20,Data,IPPROTO_UDP,0,,3.0
9960,151.130568973,4,N1S3117,190.0.1.1,190.0.1.4,1052,NetworkReceiveFromLower,0,3117,20,Data,IPPROTO_UDP,0,,3.0
9970,151.217434703,4,N1S3119,190.0.1.1,190.0.1.4,1052,NetworkReceiveFromLower,0,3119,20,Data,IPPROTO_UDP,0,,3.0
9980,151.323171838,4,N1S3121,190.0.1.1,190.0.1.4,1052,NetworkReceiveFromLower,0,3121,20,Data,IPPROTO_UDP,0,,3.0
9990,151.417114703,4,N1S3123,190.0.1.1,190.0.1.4,1052,NetworkReceiveFromLower,0,3123,20,Data,IPPROTO_UDP,0,,3.0
10000,151.517094703,4,N1S3125,190.0.1.1,190.0.1.4,1052,NetworkReceiveFromLower,0,3125,20,Data,IPPROTO_UDP,0,,3.0
10010,151.617014703,4,N1S3127,190.0.1.1,190.0.1.4,1052,NetworkReceiveFromLower,0,3127,20,Data,IPPROTO_UDP,0,,3.0
10020,151.717794703,4,N1S3129,190.0.1.1,190.0.1.4,1052,NetworkReceiveFromLower,0,3129,20,Data,IPPROTO_UDP,0,,3.0
10030,151.816754703,4,N1S3131,190.0.1.1,190.0.1.4,1052,NetworkReceiveFromLower,0,3131,20,Data,IPPROTO_UDP,0,,3.0
10040,151.916954703,4,N1S3133,190.0.1.1,190.0.1.4,1052,NetworkReceiveFromLower,0,3133,20,Data,IPPROTO_UDP,0,,3.0
10050,152.023451838,4,N1S3135,190.0.1.1,190.0.1.4,1052,NetworkReceiveFromLower,0,3135,20,Data,IPPROTO_UDP,0,,3.0
10060,152.085992578,4,N3S1366,190.0.1.3,255.255.255.255,64,NetworkReceiveFromLower,0,1366,20,Data,IPPROTO_UDP,192,,1.0
10070,152.130568973,4,N1S3138,190.0.1.1,190.0.1.4,1052,NetworkReceiveFromLower,0,3138,20,Data,IPPROTO_UDP,0,,3.0
10090,152.222931838,4,N1S3140,190.0.1.1,190.0.1.4,1052,NetworkReceiveFromLower,0,3140,20,Data,IPPROTO_UDP,0,,3.0
10100,152.323131838,4,N1S3142,190.0.1.1,190.0.1.4,1052,NetworkReceiveFromLower,0,3142,20,Data,IPPROTO_UDP,0,,3.0
10110,152.417234703,4,N1S3144,190.0.1.1,190.0.1.4,1052,NetworkReceiveFromLower,0,3144,20,Data,IPPROTO_UDP,0,,3.0
10120,152.540006108,4,N1S3146,190.0.1.1,190.0.1.4,1052,NetworkReceiveFromLower,0,3146,20,Data,IPPROTO_UDP,0,,3.0
10130,152.616914703,4,N1S3148,190.0.1.1,190.0.1.4,1052,NetworkReceiveFromLower,0,3148,20,Data,IPPROTO_UDP,0,,3.0
10140,152.717394703,4,N1S3150,190.0.1.1,190.0.1.4,1052,NetworkReceiveFromLower,0,3150,20,Data,IPPROTO_UDP,0,,3.0
10150,152.817354703,4,N1S3152,190.0.1.1,190.0.1.4,1052,NetworkReceiveFromLower,0,3152,20,Data,IPPROTO_UDP,0,,3.0
10160,152.917434703,4,N1S3154,190.0.1.1,190.0.1.4,1052,NetworkReceiveFromLower,0,3154,20,Data,IPPROTO_UDP,0,,3.0
10170,153.017134703,4,N1S3156,190.0.1.1,190.0.1.4,1052,NetworkReceiveFromLower,0,3156,20,Data,IPPROTO_UDP,0,,3.0
10180,153.123171838,4,N1S3158,190.0.1.1,190.0.1.4,1052,NetworkReceiveFromLower,0,3158,20,Data,IPPROTO_UDP,0,,3.0
10190,153.217234703,4,N1S3160,190.0.1.1,190.0.1.4,1052,NetworkReceiveFromLower,0,3160,20,Data,IPPROTO_UDP,0,,3.0
10200,153.329748705,4,N1S3162,190.0.1.1,190.0.1.4,1052,NetworkReceiveFromLower,0,3162,20,Data,IPPROTO_UDP,0,,3.0
10210,153.417554703,4,N1S3164,190.0.1.1,190.0.1.4,1052,NetworkReceiveFromLower,0,3164,20,Data,IPPROTO_UDP,0,,3.0
10220,153.516994703,4,N1S3166,190.0.1.1,190.0.1.4,1052,NetworkReceiveFromLower,0,3166,20,Data,IPPROTO_UDP,0,,3.0
10230,153.623951838,4,N1S3168,190.0.1.1,190.0.1.4,1052,NetworkReceiveFromLower,0,3168,20,Data,IPPROTO_UDP,0,,3.0
10240,153.717174703,4,N1S3170,190.0.1.1,190.0.1.4,1052,NetworkReceiveFromLower,0,3170,20,Data,IPPROTO_UDP,0,,3.0
10250,153.817094703,4,N1S3172,190.0.1.1,190.0.1.4,1052,NetworkReceiveFromLower,0,3172,20,Data,IPPROTO_UDP,0,,3.0
10260,153.924115838,4,N1S3174,190.0.1.1,190.0.1.4,1052,NetworkReceiveFromLower,0,3174,20,Data,IPPROTO_UDP,0,,3.0
10270,154.028628973,4,N1S3176,190.0.1.1,190.0.1.4,1052,NetworkReceiveFromLower,0,3176,20,Data,IPPROTO_UDP,0,,3.0
10290,154.122911838,4,N1S3179,190.0.1.1,190.0.1.4,1052,NetworkReceiveFromLower,0,3179,20,Data,IPPROTO_UDP,0,,3.0
10296,154.130035521,4,N3S1442,190.0.1.3,255.255.255.255,64,NetworkReceiveFromLower,0,1442,20,Data,IPPROTO_UDP,192,,1.0
10310,154.217434703,4,N1S3181,190.0.1.1,190.0.1.4,1052,NetworkReceiveFromLower,0,3181,20,Data,IPPROTO_UDP,0,,3.0
10320,154.316834703,4,N1S3183,190.0.1.1,190.0.1.4,1052,NetworkReceiveFromLower,0,3183,20,Data,IPPROTO_UDP,0,,3.0
10330,154.417614703,4,N1S3185,190.0.1.1,190.0.1.4,1052,NetworkReceiveFromLower,0,3185,20,Data,IPPROTO_UDP,0,,3.0
10340,154.523751704,4,N1S3187,190.0.1.1,190.0.1.4,1052,NetworkReceiveFromLower,0,3187,20,Data,IPPROTO_UDP,0,,3.0
10350,154.629828839,4,N1S3189,190.0.1.1,190.0.1.4,1052,NetworkReceiveFromLower,0,3189,20,Data,IPPROTO_UDP,0,,3.0
10360,154.717394703,4,N1S3192,190.0.1.1,190.0.1.4,1052,NetworkReceiveFromLower,0,3192,20,Data,IPPROTO_UDP,0,,3.0
10370,154.829268839,4,N1S3194,190.0.1.1,190.0.1.4,1052,NetworkReceiveFromLower,0,3194,20,Data,IPPROTO_UDP,0,,3.0
10380,154.917274703,4,N1S3197,190.0.1.1,190.0.1.4,1052,NetworkReceiveFromLower,0,3197,20,Data,IPPROTO_UDP,0,,3.0
10390,155.016954703,4,N1S3199,190.0.1.1,190.0.1.4,1052,NetworkReceiveFromLower,0,3199,20,Data,IPPROTO_UDP,0,,3.0
10406,155.116534703,4,N1S3201,190.0.1.1,190.0.1.4,1052,NetworkReceiveFromLower,0,3201,20,Data,IPPROTO_UDP,0,,3.0
10416,155.216494703,4,N1S3203,190.0.1.1,190.0.1.4,1052,NetworkReceiveFromLower,0,3203,20,Data,IPPROTO_UDP,0,,3.0
10426,155.317254703,4,N1S3205,190.0.1.1,190.0.1.4,1052,NetworkReceiveFromLower,0,3205,20,Data,IPPROTO_UDP,0,,3.0
10432,155.329556758,4,N3S1477,190.0.1.3,255.255.255.255,56,NetworkReceiveFromLower,0,1477,20,Data,IPPROTO_UDP,192,,1.0
10438,155.396531695,4,N3S1478,190.0.1.3,255.255.255.255,56,NetworkReceiveFromLower,0,1478,20,Data,IPPROTO_UDP,192,,1.0
10448,155.422151838,4,N1S3207,190.0.1.1,190.0.1.4,1052,NetworkReceiveFromLower,0,3207,20,Data,IPPROTO_UDP,0,,3.0
10464,155.523744838,4,N1S3209,190.0.1.1,190.0.1.4,1052,NetworkReceiveFromLower,0,3209,20,Data,IPPROTO_UDP,0,,3.0
10474,155.623431704,4,N1S3211,190.0.1.1,190.0.1.4,1052,NetworkReceiveFromLower,0,3211,20,Data,IPPROTO_UDP,0,,3.0
10484,155.722511838,4,N1S3214,190.0.1.1,190.0.1.4,1052,NetworkReceiveFromLower,0,3214,20,Data,IPPROTO_UDP,0,,3.0
10494,155.816954703,4,N1S3216,190.0.1.1,190.0.1.4,1052,NetworkReceiveFromLower,0,3216,20,Data,IPPROTO_UDP,0,,3.0
10504,155.936046108,4,N1S3218,190.0.1.1,190.0.1.4,1052,NetworkReceiveFromLower,0,3218,20,Data,IPPROTO_UDP,0,,3.0
10514,156.016754703,4,N1S3220,190.0.1.1,190.0.1.4,1052,NetworkReceiveFromLower,0,3220,20,Data,IPPROTO_UDP,0,,3.0
10538,156.116814703,4,N1S3223,190.0.1.1,190.0.1.4,1052,NetworkReceiveFromLower,0,3223,20,Data,IPPROTO_UDP,0,,3.0
10544,156.125406397,4,N3S1515,190.0.1.3,255.255.255.255,64,NetworkReceiveFromLower,0,1515,20,Data,IPPROTO_UDP,192,,1.0
10554,156.216974703,4,N1S3225,190.0.1.1,190.0.1.4,1052,NetworkReceiveFromLower,0,3225,20,Data,IPPROTO_UDP,0,,3.0
10564,156.323591838,4,N1S3227,190.0.1.1,190.0.1.4,1052,NetworkReceiveFromLower,0,3227,20,Data,IPPROTO_UDP,0,,3.0
10574,156.417174703,4,N1S3229,190.0.1.1,190.0.1.4,1052,NetworkReceiveFromLower,0,3229,20,Data,IPPROTO_UDP,0,,3.0
10584,156.517414703,4,N1S3231,190.0.1.1,190.0.1.4,1052,NetworkReceiveFromLower,0,3231,20,Data,IPPROTO_UDP,0,,3.0
10594,156.622931704,4,N1S3233,190.0.1.1,190.0.1.4,1052,NetworkReceiveFromLower,0,3233,20,Data,IPPROTO_UDP,0,,3.0
10604,156.723211838,4,N1S3235,190.0.1.1,190.0.1.4,1052,NetworkReceiveFromLower,0,3235,20,Data,IPPROTO_UDP,0,,3.0
10614,156.817714703,4,N1S3237,190.0.1.1,190.0.1.4,1052,NetworkReceiveFromLower,0,3237,20,Data,IPPROTO_UDP,0,,3.0
10624,156.917114703,4,N1S3239,190.0.1.1,190.0.1.4,1052,NetworkReceiveFromLower,0,3239,20,Data,IPPROTO_UDP,0,,3.0
10634,157.036346108,4,N1S3241,190.0.1.1,190.0.1.4,1052,NetworkReceiveFromLower,0,3241,20,Data,IPPROTO_UDP,0,,3.0
10644,157.117214703,4,N1S3243,190.0.1.1,190.0.1.4,1052,NetworkReceiveFromLower,0,3243,20,Data,IPPROTO_UDP,0,,3.0
10654,157.223971704,4,N1S3245,190.0.1.1,190.0.1.4,1052,NetworkReceiveFromLower,0,3245,20,Data,IPPROTO_UDP,0,,3.0
10664,157.316794703,4,N1S3247,190.0.1.1,190.0.1.4,1052,NetworkReceiveFromLower,0,3247,20,Data,IPPROTO_UDP,0,,3.0
10674,157.416954703,4,N1S3249,190.0.1.1,190.0.1.4,1052,NetworkReceiveFromLower,0,3249,20,Data,IPPROTO_UDP,0,,3.0
10684,157.523331838,4,N1S3251,190.0.1.1,190.0.1.4,1052,NetworkReceiveFromLower,0,3251,20,Data,IPPROTO_UDP,0,,3.0
10694,157.616674703,4,N1S3253,190.0.1.1,190.0.1.4,1052,NetworkReceiveFromLower,0,3253,20,Data,IPPROTO_UDP,0,,3.0
10704,157.716914703,4,N1S3255,190.0.1.1,190.0.1.4,1052,NetworkReceiveFromLower,0,3255,20,Data,IPPROTO_UDP,0,,3.0
10714,157.816974703,4,N1S3257,190.0.1.1,190.0.1.4,1052,NetworkReceiveFromLower,0,3257,20,Data,IPPROTO_UDP,0,,3.0
10724,157.923471838,4,N1S3259,190.0.1.1,190.0.1.4,1052,NetworkReceiveFromLower,0,3259,20,Data,IPPROTO_UDP,0,,3.0
10734,158.023451704,4,N1S3261,190.0.1.1,190.0.1.4,1052,NetworkReceiveFromLower,0,3261,20,Data,IPPROTO_UDP,0,,3.0
10750,158.117939703,4,N1S3264,190.0.1.1,190.0.1.4,1052,NetworkReceiveFromLower,0,3264,20,Data,IPPROTO_UDP,0,,3.0
10760,158.149585793,4,N3S1586,190.0.1.3,255.255.255.255,64,NetworkReceiveFromLower,0,1586,20,Data,IPPROTO_UDP,192,,1.0
10774,158.224191838,4,N1S3266,190.0.1.1,190.0.1.4,1052,NetworkReceiveFromLower,0,3266,20,Data,IPPROTO_UDP,0,,3.0
10784,158.317734703,4,N1S3268,190.0.1.1,190.0.1.4,1052,NetworkReceiveFromLower,0,3268,20,Data,IPPROTO_UDP,0,,3.0
10794,158.428988973,4,N1S3270,190.0.1.1,190.0.1.4,1052,NetworkReceiveFromLower,0,3270,20,Data,IPPROTO_UDP,0,,3.0
10804,158.516914703,4,N1S3272,190.0.1.1,190.0.1.4,1052,NetworkReceiveFromLower,0,3272,20,Data,IPPROTO_UDP,0,,3.0
10814,158.616634703,4,N1S3274,190.0.1.1,190.0.1.4,1052,NetworkReceiveFromLower,0,3274,20,Data,IPPROTO_UDP,0,,3.0
10824,158.717234703,4,N1S3276,190.0.1.1,190.0.1.4,1052,NetworkReceiveFromLower,0,3276,20,Data,IPPROTO_UDP,0,,3.0
10834,158.817214703,4,N1S3278,190.0.1.1,190.0.1.4,1052,NetworkReceiveFromLower,0,3278,20,Data,IPPROTO_UDP,0,,3.0
10844,158.917714703,4,N1S3280,190.0.1.1,190.0.1.4,1052,NetworkReceiveFromLower,0,3280,20,Data,IPPROTO_UDP,0,,3.0
10854,159.023671838,4,N1S3282,190.0.1.1,190.0.1.4,1052,NetworkReceiveFromLower,0,3282,20,Data,IPPROTO_UDP,0,,3.0
10864,159.116554703,4,N1S3284,190.0.1.1,190.0.1.4,1052,NetworkReceiveFromLower,0,3284,20,Data,IPPROTO_UDP,0,,3.0
10874,159.216974703,4,N1S3286,190.0.1.1,190.0.1.4,1052,NetworkReceiveFromLower,0,3286,20,Data,IPPROTO_UDP,0,,3.0
10884,159.317334703,4,N1S3288,190.0.1.1,190.0.1.4,1052,NetworkReceiveFromLower,0,3288,20,Data,IPPROTO_UDP,0,,3.0
10894,159.417814703,4,N1S3290,190.0.1.1,190.0.1.4,1052,NetworkReceiveFromLower,0,3290,20,Data,IPPROTO_UDP,0,,3.0
10904,159.516474703,4,N1S3292,190.0.1.1,190.0.1.4,1052,NetworkReceiveFromLower,0,3292,20,Data,IPPROTO_UDP,0,,3.0
10914,159.623411704,4,N1S3294,190.0.1.1,190.0.1.4,1052,NetworkReceiveFromLower,0,3294,20,Data,IPPROTO_UDP,0,,3.0
10924,159.716754703,4,N1S3296,190.0.1.1,190.0.1.4,1052,NetworkReceiveFromLower,0,3296,20,Data,IPPROTO_UDP,0,,3.0
10934,159.817274703,4,N1S3298,190.0.1.1,190.0.1.4,1052,NetworkReceiveFromLower,0,3298,20,Data,IPPROTO_UDP,0,,3.0
10944,159.917734703,4,N1S3300,190.0.1.1,190.0.1.4,1052,NetworkReceiveFromLower,0,3300,20,Data,IPPROTO_UDP,0,,3.0
10954,160.017274703,4,N1S3302,190.0.1.1,190.0.1.4,1052,NetworkReceiveFromLower,0,3302,20,Data,IPPROTO_UDP,0,,3.0
10968,160.095825962,4,N3S1652,190.0.1.3,255.255.255.255,64,NetworkReceiveFromLower,0,1652,20,Data,IPPROTO_UDP,192,,1.0
10978,160.122911704,4,N1S3305,190.0.1.1,190.0.1.4,1052,NetworkReceiveFromLower,0,3305,20,Data,IPPROTO_UDP,0,,3.0
10984,160.132931504,4,N3S1653,190.0.1.3,255.255.255.255,56,NetworkReceiveFromLower,0,1653,20,Data,IPPROTO_UDP,192,,1.0
10998,160.217034703,4,N1S3307,190.0.1.1,190.0.1.4,1052,NetworkReceiveFromLower,0,3307,20,Data,IPPROTO_UDP,0,,3.0
11014,160.318032704,4,N1S3309,190.0.1.1,190.0.1.4,1052,NetworkReceiveFromLower,0,3309,20,Data,IPPROTO_UDP,0,,3.0
11030,160.417874703,4,N1S3311,190.0.1.1,190.0.1.4,1052,NetworkReceiveFromLower,0,3311,20,Data,IPPROTO_UDP,0,,3.0
11036,160.470599392,4,N3S1661,190.0.1.3,255.255.255.255,56,NetworkReceiveFromLower,0,1661,20,Data,IPPROTO_UDP,192,,1.0
11046,160.517274703,4,N1S3313,190.0.1.1,190.0.1.4,1052,NetworkReceiveFromLower,0,3313,20,Data,IPPROTO_UDP,0,,3.0
11056,160.617294703,4,N1S3315,190.0.1.1,190.0.1.4,1052,NetworkReceiveFromLower,0,3315,20,Data,IPPROTO_UDP,0,,3.0
11066,160.717234703,4,N1S3317,190.0.1.1,190.0.1.4,1052,NetworkReceiveFromLower,0,3317,20,Data,IPPROTO_UDP,0,,3.0
11076,160.817254703,4,N1S3319,190.0.1.1,190.0.1.4,1052,NetworkReceiveFromLower,0,3319,20,Data,IPPROTO_UDP,0,,3.0
11086,160.916614703,4,N1S3321,190.0.1.1,190.0.1.4,1052,NetworkReceiveFromLower,0,3321,20,Data,IPPROTO_UDP,0,,3.0
11096,161.024431704,4,N1S3323,190.0.1.1,190.0.1.4,1052,NetworkReceiveFromLower,0,3323,20,Data,IPPROTO_UDP,0,,3.0
11106,161.116894703,4,N1S3325,190.0.1.1,190.0.1.4,1052,NetworkReceiveFromLower,0,3325,20,Data,IPPROTO_UDP,0,,3.0
11116,161.217054703,4,N1S3327,190.0.1.1,190.0.1.4,1052,NetworkReceiveFromLower,0,3327,20,Data,IPPROTO_UDP,0,,3.0
11126,161.316634703,4,N1S3329,190.0.1.1,190.0.1.4,1052,NetworkReceiveFromLower,0,3329,20,Data,IPPROTO_UDP,0,,3.0
11136,161.431948973,4,N1S3331,190.0.1.1,190.0.1.4,1052,NetworkReceiveFromLower,0,3331,20,Data,IPPROTO_UDP,0,,3.0
11146,161.517694703,4,N1S3333,190.0.1.1,190.0.1.4,1052,NetworkReceiveFromLower,0,3333,20,Data,IPPROTO_UDP,0,,3.0
11156,161.637946108,4,N1S3335,190.0.1.1,190.0.1.4,1052,NetworkReceiveFromLower,0,3335,20,Data,IPPROTO_UDP,0,,3.0
11173,161.717434703,4,N1S3339,190.0.1.1,190.0.1.4,1052,NetworkReceiveFromLower,0,3339,20,Data,IPPROTO_UDP,0,,3.0
11183,161.817214703,4,N1S3341,190.0.1.1,190.0.1.4,1052,NetworkReceiveFromLower,0,3341,20,Data,IPPROTO_UDP,0,,3.0
11193,161.917134703,4,N1S3343,190.0.1.1,190.0.1.4,1052,NetworkReceiveFromLower,0,3343,20,Data,IPPROTO_UDP,0,,3.0
11203,162.041006108,4,N1S3345,190.0.1.1,190.0.1.4,1052,NetworkReceiveFromLower,0,3345,20,Data,IPPROTO_UDP,0,,3.0
11224,162.123431838,4,N1S3348,190.0.1.1,190.0.1.4,1052,NetworkReceiveFromLower,0,3348,20,Data,IPPROTO_UDP,0,,3.0
11229,162.124520972,4,N3S1727,190.0.1.3,255.255.255.255,64,NetworkReceiveFromLower,0,1727,20,Data,IPPROTO_UDP,192,,1.0
11241,162.217734703,4,N1S3350,190.0.1.1,190.0.1.4,1052,NetworkReceiveFromLower,0,3350,20,Data,IPPROTO_UDP,0,,3.0
11251,162.323991838,4,N1S3352,190.0.1.1,190.0.1.4,1052,NetworkReceiveFromLower,0,3352,20,Data,IPPROTO_UDP,0,,3.0
11261,162.423631838,4,N1S3354,190.0.1.1,190.0.1.4,1052,NetworkReceiveFromLower,0,3354,20,Data,IPPROTO_UDP,0,,3.0
11271,162.516974703,4,N1S3356,190.0.1.1,190.0.1.4,1052,NetworkReceiveFromLower,0,3356,20,Data,IPPROTO_UDP,0,,3.0
11281,162.622351838,4,N1S3358,190.0.1.1,190.0.1.4,1052,NetworkReceiveFromLower,0,3358,20,Data,IPPROTO_UDP,0,,3.0
11291,162.723291704,4,N1S3360,190.0.1.1,190.0.1.4,1052,NetworkReceiveFromLower,0,3360,20,Data,IPPROTO_UDP,0,,3.0
11301,162.817574703,4,N1S3363,190.0.1.1,190.0.1.4,1052,NetworkReceiveFromLower,0,3363,20,Data,IPPROTO_UDP,0,,3.0
11311,162.917454703,4,N1S3365,190.0.1.1,190.0.1.4,1052,NetworkReceiveFromLower,0,3365,20,Data,IPPROTO_UDP,0,,3.0
11321,163.024671838,4,N1S3367,190.0.1.1,190.0.1.4,1052,NetworkReceiveFromLower,0,3367,20,Data,IPPROTO_UDP,0,,3.0
11331,163.123271704,4,N1S3369,190.0.1.1,190.0.1.4,1052,NetworkReceiveFromLower,0,3369,20,Data,IPPROTO_UDP,0,,3.0
11341,163.217494703,4,N1S3371,190.0.1.1,190.0.1.4,1052,NetworkReceiveFromLower,0,3371,20,Data,IPPROTO_UDP,0,,3.0
11351,163.323851838,4,N1S3373,190.0.1.1,190.0.1.4,1052,NetworkReceiveFromLower,0,3373,20,Data,IPPROTO_UDP,0,,3.0
11361,163.417474703,4,N1S3375,190.0.1.1,190.0.1.4,1052,NetworkReceiveFromLower,0,3375,20,Data,IPPROTO_UDP,0,,3.0
11371,163.516814703,4,N1S3377,190.0.1.1,190.0.1.4,1052,NetworkReceiveFromLower,0,3377,20,Data,IPPROTO_UDP,0,,3.0
11381,163.616954703,4,N1S3379,190.0.1.1,190.0.1.4,1052,NetworkReceiveFromLower,0,3379,20,Data,IPPROTO_UDP,0,,3.0
11391,163.716874703,4,N1S3381,190.0.1.1,190.0.1.4,1052,NetworkReceiveFromLower,0,3381,20,Data,IPPROTO_UDP,0,,3.0
11401,163.817434703,4,N1S3383,190.0.1.1,190.0.1.4,1052,NetworkReceiveFromLower,0,3383,20,Data,IPPROTO_UDP,0,,3.0
11411,163.917354703,4,N1S3385,190.0.1.1,190.0.1.4,1052,NetworkReceiveFromLower,0,3385,20,Data,IPPROTO_UDP,0,,3.0
11421,164.024171838,4,N1S3387,190.0.1.1,190.0.1.4,1052,NetworkReceiveFromLower,0,3387,20,Data,IPPROTO_UDP,0,,3.0
11438,164.122571838,4,N1S3390,190.0.1.1,190.0.1.4,1052,NetworkReceiveFromLower,0,3390,20,Data,IPPROTO_UDP,0,,3.0
11447,164.124605972,4,N3S1796,190.0.1.3,255.255.255.255,64,NetworkReceiveFromLower,0,1796,20,Data,IPPROTO_UDP,192,,1.0
11459,164.222611838,4,N1S3392,190.0.1.1,190.0.1.4,1052,NetworkReceiveFromLower,0,3392,20,Data,IPPROTO_UDP,0,,3.0
11469,164.317214703,4,N1S3394,190.0.1.1,190.0.1.4,1052,NetworkReceiveFromLower,0,3394,20,Data,IPPROTO_UDP,0,,3.0
11479,164.416494703,4,N1S3396,190.0.1.1,190.0.1.4,1052,NetworkReceiveFromLower,0,3396,20,Data,IPPROTO_UDP,0,,3.0
11489,164.517834703,4,N1S3398,190.0.1.1,190.0.1.4,1052,NetworkReceiveFromLower,0,3398,20,Data,IPPROTO_UDP,0,,3.0
11499,164.617134703,4,N1S3400,190.0.1.1,190.0.1.4,1052,NetworkReceiveFromLower,0,3400,20,Data,IPPROTO_UDP,0,,3.0
11509,164.717354703,4,N1S3402,190.0.1.1,190.0.1.4,1052,NetworkReceiveFromLower,0,3402,20,Data,IPPROTO_UDP,0,,3.0
11519,164.817234703,4,N1S3404,190.0.1.1,190.0.1.4,1052,NetworkReceiveFromLower,0,3404,20,Data,IPPROTO_UDP,0,,3.0
11529,164.916494703,4,N1S3406,190.0.1.1,190.0.1.4,1052,NetworkReceiveFromLower,0,3406,20,Data,IPPROTO_UDP,0,,3.0
11539,165.016714703,4,N1S3408,190.0.1.1,190.0.1.4,1052,NetworkReceiveFromLower,0,3408,20,Data,IPPROTO_UDP,0,,3.0
11549,165.130968973,4,N1S3410,190.0.1.1,190.0.1.4,1052,NetworkReceiveFromLower,0,3410,20,Data,IPPROTO_UDP,0,,3.0
11559,165.231668973,4,N1S3412,190.0.1.1,190.0.1.4,1052,NetworkReceiveFromLower,0,3412,20,Data,IPPROTO_UDP,0,,3.0
11575,165.317374703,4,N1S3414,190.0.1.1,190.0.1.4,1052,NetworkReceiveFromLower,0,3414,20,Data,IPPROTO_UDP,0,,3.0
11585,165.417354703,4,N1S3416,190.0.1.1,190.0.1.4,1052,NetworkReceiveFromLower,0,3416,20,Data,IPPROTO_UDP,0,,3.0
11591,165.439629164,4,N3S1840,190.0.1.3,255.255.255.255,56,NetworkReceiveFromLower,0,1840,20,Data,IPPROTO_UDP,192,,1.0
11602,165.506456568,4,N3S1829,190.0.1.3,255.255.255.255,56,NetworkReceiveFromLower,0,1829,20,Data,IPPROTO_UDP,192,,1.0
11607,165.517727703,4,N1S3418,190.0.1.1,190.0.1.4,1052,NetworkReceiveFromLower,0,3418,20,Data,IPPROTO_UDP,0,,3.0
11617,165.617794703,4,N1S3420,190.0.1.1,190.0.1.4,1052,NetworkReceiveFromLower,0,3420,20,Data,IPPROTO_UDP,0,,3.0
11627,165.716734703,4,N1S3422,190.0.1.1,190.0.1.4,1052,NetworkReceiveFromLower,0,3422,20,Data,IPPROTO_UDP,0,,3.0
11643,165.823191838,4,N1S3424,190.0.1.1,190.0.1.4,1052,NetworkReceiveFromLower,0,3424,20,Data,IPPROTO_UDP,0,,3.0
11653,165.917234703,4,N1S3426,190.0.1.1,190.0.1.4,1052,NetworkReceiveFromLower,0,3426,20,Data,IPPROTO_UDP,0,,3.0
11663,166.017334703,4,N1S3428,190.0.1.1,190.0.1.4,1052,NetworkReceiveFromLower,0,3428,20,Data,IPPROTO_UDP,0,,3.0
11675,166.116894703,4,N1S3431,190.0.1.1,190.0.1.4,1052,NetworkReceiveFromLower,0,3431,20,Data,IPPROTO_UDP,0,,3.0
11701,166.223171838,4,N1S3433,190.0.1.1,190.0.1.4,1052,NetworkReceiveFromLower,0,3433,20,Data,IPPROTO_UDP,0,,3.0
11711,166.317274703,4,N1S3435,190.0.1.1,190.0.1.4,1052,NetworkReceiveFromLower,0,3435,20,Data,IPPROTO_UDP,0,,3.0
11721,166.417054703,4,N1S3437,190.0.1.1,190.0.1.4,1052,NetworkReceiveFromLower,0,3437,20,Data,IPPROTO_UDP,0,,3.0
11731,166.517574703,4,N1S3439,190.0.1.1,190.0.1.4,1052,NetworkReceiveFromLower,0,3439,20,Data,IPPROTO_UDP,0,,3.0
11741,166.622611838,4,N1S3441,190.0.1.1,190.0.1.4,1052,NetworkReceiveFromLower,0,3441,20,Data,IPPROTO_UDP,0,,3.0
11751,166.717134703,4,N1S3443,190.0.1.1,190.0.1.4,1052,NetworkReceiveFromLower,0,3443,20,Data,IPPROTO_UDP,0,,3.0
11761,166.817454703,4,N1S3445,190.0.1.1,190.0.1.4,1052,NetworkReceiveFromLower,0,3445,20,Data,IPPROTO_UDP,0,,3.0
11771,166.916734703,4,N1S3447,190.0.1.1,190.0.1.4,1052,NetworkReceiveFromLower,0,3447,20,Data,IPPROTO_UDP,0,,3.0
11781,167.017074703,4,N1S3449,190.0.1.1,190.0.1.4,1052,NetworkReceiveFromLower,0,3449,20,Data,IPPROTO_UDP,0,,3.0
11791,167.117354703,4,N1S3451,190.0.1.1,190.0.1.4,1052,NetworkReceiveFromLower,0,3451,20,Data,IPPROTO_UDP,0,,3.0
11801,167.216494703,4,N1S3453,190.0.1.1,190.0.1.4,1052,NetworkReceiveFromLower,0,3453,20,Data,IPPROTO_UDP,0,,3.0
11811,167.323831838,4,N1S3455,190.0.1.1,190.0.1.4,1052,NetworkReceiveFromLower,0,3455,20,Data,IPPROTO_UDP,0,,3.0
11821,167.417234703,4,N1S3457,190.0.1.1,190.0.1.4,1052,NetworkReceiveFromLower,0,3457,20,Data,IPPROTO_UDP,0,,3.0
11831,167.523051838,4,N1S3459,190.0.1.1,190.0.1.4,1052,NetworkReceiveFromLower,0,3459,20,Data,IPPROTO_UDP,0,,3.0
11841,167.617474703,4,N1S3461,190.0.1.1,190.0.1.4,1052,NetworkReceiveFromLower,0,3461,20,Data,IPPROTO_UDP,0,,3.0
11851,167.728868705,4,N1S3463,190.0.1.1,190.0.1.4,1052,NetworkReceiveFromLower,0,3463,20,Data,IPPROTO_UDP,0,,3.0
11861,167.817274703,4,N1S3465,190.0.1.1,190.0.1.4,1052,NetworkReceiveFromLower,0,3465,20,Data,IPPROTO_UDP,0,,3.0
11871,167.922751838,4,N1S3467,190.0.1.1,190.0.1.4,1052,NetworkReceiveFromLower,0,3467,20,Data,IPPROTO_UDP,0,,3.0
11881,168.017534703,4,N1S3469,190.0.1.1,190.0.1.4,1052,NetworkReceiveFromLower,0,3469,20,Data,IPPROTO_UDP,0,,3.0
11901,168.117034703,4,N1S3472,190.0.1.1,190.0.1.4,1052,NetworkReceiveFromLower,0,3472,20,Data,IPPROTO_UDP,0,,3.0
11911,168.150367489,4,N3S1934,190.0.1.3,255.255.255.255,64,NetworkReceiveFromLower,0,1934,20,Data,IPPROTO_UDP,192,,1.0
11921,168.216754703,4,N1S3474,190.0.1.1,190.0.1.4,1052,NetworkReceiveFromLower,0,3474,20,Data,IPPROTO_UDP,0,,3.0
11931,168.317174703,4,N1S3476,190.0.1.1,190.0.1.4,1052,NetworkReceiveFromLower,0,3476,20,Data,IPPROTO_UDP,0,,3.0
11941,168.416994703,4,N1S3478,190.0.1.1,190.0.1.4,1052,NetworkReceiveFromLower,0,3478,20,Data,IPPROTO_UDP,0,,3.0
11951,168.529808973,4,N1S3480,190.0.1.1,190.0.1.4,1052,NetworkReceiveFromLower,0,3480,20,Data,IPPROTO_UDP,0,,3.0
11961,168.622211838,4,N1S3482,190.0.1.1,190.0.1.4,1052,NetworkReceiveFromLower,0,3482,20,Data,IPPROTO_UDP,0,,3.0
11971,168.717534703,4,N1S3484,190.0.1.1,190.0.1.4,1052,NetworkReceiveFromLower,0,3484,20,Data,IPPROTO_UDP,0,,3.0
11981,168.817054703,4,N1S3486,190.0.1.1,190.0.1.4,1052,NetworkReceiveFromLower,0,3486,20,Data,IPPROTO_UDP,0,,3.0
11991,168.923371838,4,N1S3488,190.0.1.1,190.0.1.4,1052,NetworkReceiveFromLower,0,3488,20,Data,IPPROTO_UDP,0,,3.0
12001,169.017174703,4,N1S3490,190.0.1.1,190.0.1.4,1052,NetworkReceiveFromLower,0,3490,20,Data,IPPROTO_UDP,0,,3.0
12011,169.117194703,4,N1S3492,190.0.1.1,190.0.1.4,1052,NetworkReceiveFromLower,0,3492,20,Data,IPPROTO_UDP,0,,3.0
12021,169.217654703,4,N1S3494,190.0.1.1,190.0.1.4,1052,NetworkReceiveFromLower,0,3494,20,Data,IPPROTO_UDP,0,,3.0
12031,169.317514703,4,N1S3496,190.0.1.1,190.0.1.4,1052,NetworkReceiveFromLower,0,3496,20,Data,IPPROTO_UDP,0,,3.0
12041,169.416674703,4,N1S3498,190.0.1.1,190.0.1.4,1052,NetworkReceiveFromLower,0,3498,20,Data,IPPROTO_UDP,0,,3.0
12051,169.517254703,4,N1S3500,190.0.1.1,190.0.1.4,1052,NetworkReceiveFromLower,0,3500,20,Data,IPPROTO_UDP,0,,3.0
12061,169.623671838,4,N1S3502,190.0.1.1,190.0.1.4,1052,NetworkReceiveFromLower,0,3502,20,Data,IPPROTO_UDP,0,,3.0
12071,169.716454703,4,N1S3504,190.0.1.1,190.0.1.4,1052,NetworkReceiveFromLower,0,3504,20,Data,IPPROTO_UDP,0,,3.0
12081,169.817014703,4,N1S3506,190.0.1.1,190.0.1.4,1052,NetworkReceiveFromLower,0,3506,20,Data,IPPROTO_UDP,0,,3.0
12091,169.917714703,4,N1S3508,190.0.1.1,190.0.1.4,1052,NetworkReceiveFromLower,0,3508,20,Data,IPPROTO_UDP,0,,3.0
12101,170.017094703,4,N1S3510,190.0.1.1,190.0.1.4,1052,NetworkReceiveFromLower,0,3510,20,Data,IPPROTO_UDP,0,,3.0
12119,170.116754703,4,N1S3513,190.0.1.1,190.0.1.4,1052,NetworkReceiveFromLower,0,3513,20,Data,IPPROTO_UDP,0,,3.0
12131,170.129058636,4,N3S2000,190.0.1.3,255.255.255.255,64,NetworkReceiveFromLower,0,2000,20,Data,IPPROTO_UDP,192,,1.0
12147,170.217454703,4,N1S3515,190.0.1.1,190.0.1.4,1052,NetworkReceiveFromLower,0,3515,20,Data,IPPROTO_UDP,0,,3.0
12157,170.317794703,4,N1S3517,190.0.1.1,190.0.1.4,1052,NetworkReceiveFromLower,0,3517,20,Data,IPPROTO_UDP,0,,3.0
12167,170.417194703,4,N1S3519,190.0.1.1,190.0.1.4,1052,NetworkReceiveFromLower,0,3519,20,Data,IPPROTO_UDP,0,,3.0
12175,170.461668894,4,N3S2001,190.0.1.3,255.255.255.255,56,NetworkReceiveFromLower,0,2001,20,Data,IPPROTO_UDP,192,,1.0
12187,170.516974703,4,N1S3521,190.0.1.1,190.0.1.4,1052,NetworkReceiveFromLower,0,3521,20,Data,IPPROTO_UDP,0,,3.0
12197,170.622831838,4,N1S3523,190.0.1.1,190.0.1.4,1052,NetworkReceiveFromLower,0,3523,20,Data,IPPROTO_UDP,0,,3.0
12207,170.716794703,4,N1S3525,190.0.1.1,190.0.1.4,1052,NetworkReceiveFromLower,0,3525,20,Data,IPPROTO_UDP,0,,3.0
12223,170.817474703,4,N1S3527,190.0.1.1,190.0.1.4,1052,NetworkReceiveFromLower,0,3527,20,Data,IPPROTO_UDP,0,,3.0
12233,170.922911838,4,N1S3529,190.0.1.1,190.0.1.4,1052,NetworkReceiveFromLower,0,3529,20,Data,IPPROTO_UDP,0,,3.0
12243,171.017214703,4,N1S3531,190.0.1.1,190.0.1.4,1052,NetworkReceiveFromLower,0,3531,20,Data,IPPROTO_UDP,0,,3.0
12253,171.122831704,4,N1S3533,190.0.1.1,190.0.1.4,1052,NetworkReceiveFromLower,0,3533,20,Data,IPPROTO_UDP,0,,3.0
12263,171.217134703,4,N1S3536,190.0.1.1,190.0.1.4,1052,NetworkReceiveFromLower,0,3536,20,Data,IPPROTO_UDP,0,,3.0
12273,171.316774703,4,N1S3538,190.0.1.1,190.0.1.4,1052,NetworkReceiveFromLower,0,3538,20,Data,IPPROTO_UDP,0,,3.0
12283,171.416834703,4,N1S3540,190.0.1.1,190.0.1.4,1052,NetworkReceiveFromLower,0,3540,20,Data,IPPROTO_UDP,0,,3.0
12293,171.517754703,4,N1S3542,190.0.1.1,190.0.1.4,1052,NetworkReceiveFromLower,0,3542,20,Data,IPPROTO_UDP,0,,3.0
12303,171.617134703,4,N1S3544,190.0.1.1,190.0.1.4,1052,NetworkReceiveFromLower,0,3544,20,Data,IPPROTO_UDP,0,,3.0
12313,171.717174703,4,N1S3546,190.0.1.1,190.0.1.4,1052,NetworkReceiveFromLower,0,3546,20,Data,IPPROTO_UDP,0,,3.0
12323,171.817614703,4,N1S3548,190.0.1.1,190.0.1.4,1052,NetworkReceiveFromLower,0,3548,20,Data,IPPROTO_UDP,0,,3.0
12333,171.917434703,4,N1S3550,190.0.1.1,190.0.1.4,1052,NetworkReceiveFromLower,0,3550,20,Data,IPPROTO_UDP,0,,3.0
12343,172.017234703,4,N1S3552,190.0.1.1,190.0.1.4,1052,NetworkReceiveFromLower,0,3552,20,Data,IPPROTO_UDP,0,,3.0
12363,172.116814703,4,N1S3555,190.0.1.1,190.0.1.4,1052,NetworkReceiveFromLower,0,3555,20,Data,IPPROTO_UDP,0,,3.0
12381,172.217634703,4,N1S3557,190.0.1.1,190.0.1.4,1052,NetworkReceiveFromLower,0,3557,20,Data,IPPROTO_UDP,0,,3.0
12391,172.317334703,4,N1S3559,190.0.1.1,190.0.1.4,1052,NetworkReceiveFromLower,0,3559,20,Data,IPPROTO_UDP,0,,3.0
12401,172.416894703,4,N1S3561,190.0.1.1,190.0.1.4,1052,NetworkReceiveFromLower,0,3561,20,Data,IPPROTO_UDP,0,,3.0
12411,172.517194703,4,N1S3563,190.0.1.1,190.0.1.4,1052,NetworkReceiveFromLower,0,3563,20,Data,IPPROTO_UDP,0,,3.0
12421,172.617334703,4,N1S3565,190.0.1.1,190.0.1.4,1052,NetworkReceiveFromLower,0,3565,20,Data,IPPROTO_UDP,0,,3.0
12431,172.716834703,4,N1S3567,190.0.1.1,190.0.1.4,1052,NetworkReceiveFromLower,0,3567,20,Data,IPPROTO_UDP,0,,3.0
12441,172.816954703,4,N1S3569,190.0.1.1,190.0.1.4,1052,NetworkReceiveFromLower,0,3569,20,Data,IPPROTO_UDP,0,,3.0
12451,172.916514703,4,N1S3571,190.0.1.1,190.0.1.4,1052,NetworkReceiveFromLower,0,3571,20,Data,IPPROTO_UDP,0,,3.0
12461,173.017054703,4,N1S3573,190.0.1.1,190.0.1.4,1052,NetworkReceiveFromLower,0,3573,20,Data,IPPROTO_UDP,0,,3.0
12471,173.129888973,4,N1S3575,190.0.1.1,190.0.1.4,1052,NetworkReceiveFromLower,0,3575,20,Data,IPPROTO_UDP,0,,3.0
12481,173.217498703,4,N1S3577,190.0.1.1,190.0.1.4,1052,NetworkReceiveFromLower,0,3577,20,Data,IPPROTO_UDP,0,,3.0
12491,173.317374703,4,N1S3579,190.0.1.1,190.0.1.4,1052,NetworkReceiveFromLower,0,3579,20,Data,IPPROTO_UDP,0,,3.0
12501,173.423651838,4,N1S3581,190.0.1.1,190.0.1.4,1052,NetworkReceiveFromLower,0,3581,20,Data,IPPROTO_UDP,0,,3.0
12511,173.516654703,4,N1S3583,190.0.1.1,190.0.1.4,1052,NetworkReceiveFromLower,0,3583,20,Data,IPPROTO_UDP,0,,3.0
12521,173.617034703,4,N1S3585,190.0.1.1,190.0.1.4,1052,NetworkReceiveFromLower,0,3585,20,Data,IPPROTO_UDP,0,,3.0
12546,173.829588973,4,N1S3591,190.0.1.1,190.0.1.4,1052,NetworkReceiveFromLower,0,3591,20,Data,IPPROTO_UDP,0,,3.0
12556,173.917374703,4,N1S3593,190.0.1.1,190.0.1.4,1052,NetworkReceiveFromLower,0,3593,20,Data,IPPROTO_UDP,0,,3.0
12566,174.023251838,4,N1S3595,190.0.1.1,190.0.1.4,1052,NetworkReceiveFromLower,0,3595,20,Data,IPPROTO_UDP,0,,3.0
12586,174.131448973,4,N1S3598,190.0.1.1,190.0.1.4,1052,NetworkReceiveFromLower,0,3598,20,Data,IPPROTO_UDP,0,,3.0
12596,174.159726789,4,N3S2138,190.0.1.3,255.255.255.255,64,NetworkReceiveFromLower,0,2138,20,Data,IPPROTO_UDP,192,,1.0
12606,174.217978703,4,N1S3600,190.0.1.1,190.0.1.4,1052,NetworkReceiveFromLower,0,3600,20,Data,IPPROTO_UDP,0,,3.0
12616,174.317438703,4,N1S3602,190.0.1.1,190.0.1.4,1052,NetworkReceiveFromLower,0,3602,20,Data,IPPROTO_UDP,0,,3.0
12626,174.422631838,4,N1S3604,190.0.1.1,190.0.1.4,1052,NetworkReceiveFromLower,0,3604,20,Data,IPPROTO_UDP,0,,3.0
12636,174.522851838,4,N1S3606,190.0.1.1,190.0.1.4,1052,NetworkReceiveFromLower,0,3606,20,Data,IPPROTO_UDP,0,,3.0
12646,174.617174703,4,N1S3608,190.0.1.1,190.0.1.4,1052,NetworkReceiveFromLower,0,3608,20,Data,IPPROTO_UDP,0,,3.0
12656,174.730448973,4,N1S3610,190.0.1.1,190.0.1.4,1052,NetworkReceiveFromLower,0,3610,20,Data,IPPROTO_UDP,0,,3.0
12666,174.816914703,4,N1S3612,190.0.1.1,190.0.1.4,1052,NetworkReceiveFromLower,0,3612,20,Data,IPPROTO_UDP,0,,3.0
12676,174.916934703,4,N1S3614,190.0.1.1,190.0.1.4,1052,NetworkReceiveFromLower,0,3614,20,Data,IPPROTO_UDP,0,,3.0
12686,175.017474703,4,N1S3616,190.0.1.1,190.0.1.4,1052,NetworkReceiveFromLower,0,3616,20,Data,IPPROTO_UDP,0,,3.0
12696,175.117294703,4,N1S3618,190.0.1.1,190.0.1.4,1052,NetworkReceiveFromLower,0,3618,20,Data,IPPROTO_UDP,0,,3.0
12706,175.216674703,4,N1S3620,190.0.1.1,190.0.1.4,1052,NetworkReceiveFromLower,0,3620,20,Data,IPPROTO_UDP,0,,3.0
12712,175.276265858,4,N3S2178,190.0.1.3,255.255.255.255,56,NetworkReceiveFromLower,0,2178,20,Data,IPPROTO_UDP,192,,1.0
12728,175.324284704,4,N1S3622,190.0.1.1,190.0.1.4,1052,NetworkReceiveFromLower,0,3622,20,Data,IPPROTO_UDP,0,,3.0
12744,175.417034703,4,N1S3624,190.0.1.1,190.0.1.4,1052,NetworkReceiveFromLower,0,3624,20,Data,IPPROTO_UDP,0,,3.0
12769,175.617074703,4,N1S3630,190.0.1.1,190.0.1.4,1052,NetworkReceiveFromLower,0,3630,20,Data,IPPROTO_UDP,0,,3.0
12779,175.717374703,4,N1S3632,190.0.1.1,190.0.1.4,1052,NetworkReceiveFromLower,0,3632,20,Data,IPPROTO_UDP,0,,3.0
12785,175.740396924,4,N3S2189,190.0.1.3,255.255.255.255,56,NetworkReceiveFromLower,0,2189,20,Data,IPPROTO_UDP,192,,1.0
12795,175.817694703,4,N1S3634,190.0.1.1,190.0.1.4,1052,NetworkReceiveFromLower,0,3634,20,Data,IPPROTO_UDP,0,,3.0
12805,175.917854703,4,N1S3636,190.0.1.1,190.0.1.4,1052,NetworkReceiveFromLower,0,3636,20,Data,IPPROTO_UDP,0,,3.0
12815,176.017294703,4,N1S3638,190.0.1.1,190.0.1.4,1052,NetworkReceiveFromLower,0,3638,20,Data,IPPROTO_UDP,0,,3.0
12836,176.106948568,4,N3S2216,190.0.1.3,255.255.255.255,64,NetworkReceiveFromLower,0,2216,20,Data,IPPROTO_UDP,192,,1.0
12841,176.118079703,4,N1S3641,190.0.1.1,190.0.1.4,1052,NetworkReceiveFromLower,0,3641,20,Data,IPPROTO_UDP,0,,3.0
12855,176.223251838,4,N1S3643,190.0.1.1,190.0.1.4,1052,NetworkReceiveFromLower,0,3643,20,Data,IPPROTO_UDP,0,,3.0
12865,176.317254703,4,N1S3645,190.0.1.1,190.0.1.4,1052,NetworkReceiveFromLower,0,3645,20,Data,IPPROTO_UDP,0,,3.0
12875,176.417134703,4,N1S3647,190.0.1.1,190.0.1.4,1052,NetworkReceiveFromLower,0,3647,20,Data,IPPROTO_UDP,0,,3.0
12885,176.517054703,4,N1S3649,190.0.1.1,190.0.1.4,1052,NetworkReceiveFromLower,0,3649,20,Data,IPPROTO_UDP,0,,3.0
12895,176.623731838,4,N1S3651,190.0.1.1,190.0.1.4,1052,NetworkReceiveFromLower,0,3651,20,Data,IPPROTO_UDP,0,,3.0
12905,176.717614703,4,N1S3653,190.0.1.1,190.0.1.4,1052,NetworkReceiveFromLower,0,3653,20,Data,IPPROTO_UDP,0,,3.0
12915,176.817134703,4,N1S3655,190.0.1.1,190.0.1.4,1052,NetworkReceiveFromLower,0,3655,20,Data,IPPROTO_UDP,0,,3.0
12925,176.916974703,4,N1S3657,190.0.1.1,190.0.1.4,1052,NetworkReceiveFromLower,0,3657,20,Data,IPPROTO_UDP,0,,3.0
12935,177.023431838,4,N1S3659,190.0.1.1,190.0.1.4,1052,NetworkReceiveFromLower,0,3659,20,Data,IPPROTO_UDP,0,,3.0
12945,177.117294703,4,N1S3661,190.0.1.1,190.0.1.4,1052,NetworkReceiveFromLower,0,3661,20,Data,IPPROTO_UDP,0,,3.0
12955,177.237826108,4,N1S3663,190.0.1.1,190.0.1.4,1052,NetworkReceiveFromLower,0,3663,20,Data,IPPROTO_UDP,0,,3.0
12965,177.317334703,4,N1S3665,190.0.1.1,190.0.1.4,1052,NetworkReceiveFromLower,0,3665,20,Data,IPPROTO_UDP,0,,3.0
12975,177.422751838,4,N1S3667,190.0.1.1,190.0.1.4,1052,NetworkReceiveFromLower,0,3667,20,Data,IPPROTO_UDP,0,,3.0
12985,177.517254703,4,N1S3669,190.0.1.1,190.0.1.4,1052,NetworkReceiveFromLower,0,3669,20,Data,IPPROTO_UDP,0,,3.0
12995,177.617054703,4,N1S3671,190.0.1.1,190.0.1.4,1052,NetworkReceiveFromLower,0,3671,20,Data,IPPROTO_UDP,0,,3.0
13005,177.722771838,4,N1S3673,190.0.1.1,190.0.1.4,1052,NetworkReceiveFromLower,0,3673,20,Data,IPPROTO_UDP,0,,3.0
13015,177.817598703,4,N1S3675,190.0.1.1,190.0.1.4,1052,NetworkReceiveFromLower,0,3675,20,Data,IPPROTO_UDP,0,,3.0
13025,177.923251838,4,N1S3677,190.0.1.1,190.0.1.4,1052,NetworkReceiveFromLower,0,3677,20,Data,IPPROTO_UDP,0,,3.0
13035,178.031048973,4,N1S3679,190.0.1.1,190.0.1.4,1052,NetworkReceiveFromLower,0,3679,20,Data,IPPROTO_UDP,0,,3.0
13049,178.117214703,4,N1S3682,190.0.1.1,190.0.1.4,1052,NetworkReceiveFromLower,0,3682,20,Data,IPPROTO_UDP,0,,3.0
13065,178.140958688,4,N3S2288,190.0.1.3,255.255.255.255,64,NetworkReceiveFromLower,0,2288,20,Data,IPPROTO_UDP,192,,1.0
13075,178.217254703,4,N1S3684,190.0.1.1,190.0.1.4,1052,NetworkReceiveFromLower,0,3684,20,Data,IPPROTO_UDP,0,,3.0
13085,178.317634703,4,N1S3686,190.0.1.1,190.0.1.4,1052,NetworkReceiveFromLower,0,3686,20,Data,IPPROTO_UDP,0,,3.0
13095,178.417374703,4,N1S3688,190.0.1.1,190.0.1.4,1052,NetworkReceiveFromLower,0,3688,20,Data,IPPROTO_UDP,0,,3.0
13105,178.540286108,4,N1S3690,190.0.1.1,190.0.1.4,1052,NetworkReceiveFromLower,0,3690,20,Data,IPPROTO_UDP,0,,3.0
13115,178.623431838,4,N1S3692,190.0.1.1,190.0.1.4,1052,NetworkReceiveFromLower,0,3692,20,Data,IPPROTO_UDP,0,,3.0
13125,178.716974703,4,N1S3694,190.0.1.1,190.0.1.4,1052,NetworkReceiveFromLower,0,3694,20,Data,IPPROTO_UDP,0,,3.0
13135,178.817254703,4,N1S3696,190.0.1.1,190.0.1.4,1052,NetworkReceiveFromLower,0,3696,20,Data,IPPROTO_UDP,0,,3.0
13145,178.923471838,4,N1S3698,190.0.1.1,190.0.1.4,1052,NetworkReceiveFromLower,0,3698,20,Data,IPPROTO_UDP,0,,3.0
13155,179.017034703,4,N1S3700,190.0.1.1,190.0.1.4,1052,NetworkReceiveFromLower,0,3700,20,Data,IPPROTO_UDP,0,,3.0
13165,179.117114703,4,N1S3702,190.0.1.1,190.0.1.4,1052,NetworkReceiveFromLower,0,3702,20,Data,IPPROTO_UDP,0,,3.0
13175,179.217854703,4,N1S3704,190.0.1.1,190.0.1.4,1052,NetworkReceiveFromLower,0,3704,20,Data,IPPROTO_UDP,0,,3.0
13185,179.316594703,4,N1S3706,190.0.1.1,190.0.1.4,1052,NetworkReceiveFromLower,0,3706,20,Data,IPPROTO_UDP,0,,3.0
13195,179.417314703,4,N1S3708,190.0.1.1,190.0.1.4,1052,NetworkReceiveFromLower,0,3708,20,Data,IPPROTO_UDP,0,,3.0
13205,179.517014703,4,N1S3710,190.0.1.1,190.0.1.4,1052,NetworkReceiveFromLower,0,3710,20,Data,IPPROTO_UDP,0,,3.0
13215,179.616794703,4,N1S3712,190.0.1.1,190.0.1.4,1052,NetworkReceiveFromLower,0,3712,20,Data,IPPROTO_UDP,0,,3.0
13225,179.717154703,4,N1S3714,190.0.1.1,190.0.1.4,1052,NetworkReceiveFromLower,0,3714,20,Data,IPPROTO_UDP,0,,3.0
13235,179.823651838,4,N1S3716,190.0.1.1,190.0.1.4,1052,NetworkReceiveFromLower,0,3716,20,Data,IPPROTO_UDP,0,,3.0
13245,179.924071838,4,N1S3718,190.0.1.1,190.0.1.4,1052,NetworkReceiveFromLower,0,3718,20,Data,IPPROTO_UDP,0,,3.0
