21,0.102407764,1,N2S0,190.0.1.2,255.255.255.255,48,NetworkReceiveFromLower,0,0,20,Data,IPPROTO_UDP,192,,1.0
55,0.693273093,1,N2S1,190.0.1.2,255.255.255.255,36,NetworkReceiveFromLower,0,1,20,Control,IPPROTO_ICMP,192,,1.0
145,2.140228387,1,N2S2,190.0.1.2,255.255.255.255,64,NetworkReceiveFromLower,0,2,20,Data,IPPROTO_UDP,192,,1.0
215,3.693473093,1,N2S3,190.0.1.2,255.255.255.255,36,NetworkReceiveFromLower,0,3,20,Control,IPPROTO_ICMP,192,,1.0
265,4.138397651,1,N2S4,190.0.1.2,255.255.255.255,60,NetworkReceiveFromLower,0,4,20,Data,IPPROTO_UDP,192,,1.0
315,5.24604876,1,N2S5,190.0.1.2,255.255.255.255,52,NetworkReceiveFromLower,0,5,20,Data,IPPROTO_UDP,192,,1.0
371,6.14570697,1,N2S6,190.0.1.2,255.255.255.255,64,NetworkReceiveFromLower,0,6,20,Data,IPPROTO_UDP,192,,1.0
401,6.692933093,1,N2S7,190.0.1.2,255.255.255.255,36,NetworkReceiveFromLower,0,7,20,Control,IPPROTO_ICMP,192,,1.0
491,8.147660567,1,N2S8,190.0.1.2,255.255.255.255,64,NetworkReceiveFromLower,0,8,20,Data,IPPROTO_UDP,192,,1.0
587,10.111973519,1,N2S9,190.0.1.2,255.255.255.255,64,NetworkReceiveFromLower,0,9,20,Data,IPPROTO_UDP,192,,1.0
611,10.343423699,1,N2S10,190.0.1.2,255.255.255.255,56,NetworkReceiveFromLower,0,10,20,Data,IPPROTO_UDP,192,,1.0
629,10.667747522,1,N2S11,190.0.1.2,255.255.255.255,56,NetworkReceiveFromLower,0,11,20,Data,IPPROTO_UDP,192,,1.0
803,12.174081847,1,N2S55,190.0.1.2,255.255.255.255,64,NetworkReceiveFromLower,0,55,20,Data,IPPROTO_UDP,192,,1.0
1023,14.175764504,1,N2S120,190.0.1.2,255.255.255.255,64,NetworkReceiveFromLower,0,120,20,Data,IPPROTO_UDP,192,,1.0
1165,15.421717373,1,N2S152,190.0.1.2,255.255.255.255,56,NetworkReceiveFromLower,0,152,20,Data,IPPROTO_UDP,192,,1.0
1187,15.55191293,1,N2S162,190.0.1.2,255.255.255.255,56,NetworkReceiveFromLower,0,162,20,Data,IPPROTO_UDP,192,,1.0
1265,16.176015228,1,N2S184,190.0.1.2,255.255.255.255,64,NetworkReceiveFromLower,0,184,20,Data,IPPROTO_UDP,192,,1.0
1483,18.133702899,1,N2S246,190.0.1.2,255.255.255.255,64,NetworkReceiveFromLower,0,246,20,Data,IPPROTO_UDP,192,,1.0
1707,20.147253701,1,N2S310,190.0.1.2,255.255.255.255,64,NetworkReceiveFromLower,0,310,20,Data,IPPROTO_UDP,192,,1.0
1743,20.473817755,1,N2S312,190.0.1.2,255.255.255.255,56,NetworkReceiveFromLower,0,312,20,Data,IPPROTO_UDP,192,,1.0
1759,20.524247709,1,N2S311,190.0.1.2,255.255.255.255,56,NetworkReceiveFromLower,0,311,20,Data,IPPROTO_UDP,192,,1.0
1945,22.175058824,1,N2S373,190.0.1.2,255.255.255.255,64,NetworkReceiveFromLower,0,373,20,Data,IPPROTO_UDP,192,,1.0
2149,24.085349656,1,N2S435,190.0.1.2,255.255.255.255,64,NetworkReceiveFromLower,0,435,20,Data,IPPROTO_UDP,192,,1.0
2301,25.474557424,1,N2S466,190.0.1.2,255.255.255.255,56,NetworkReceiveFromLower,0,466,20,Data,IPPROTO_UDP,192,,1.0
2339,25.69912324,1,N2S479,190.0.1.2,255.255.255.255,56,NetworkReceiveFromLower,0,479,20,Data,IPPROTO_UDP,192,,1.0
2409,26.162387815,1,N2S498,190.0.1.2,255.255.255.255,64,NetworkReceiveFromLower,0,498,20,Data,IPPROTO_UDP,192,,1.0
2609,28.081724833,1,N2S560,190.0.1.2,255.255.255.255,64,NetworkReceiveFromLower,0,560,20,Data,IPPROTO_UDP,192,,1.0
2835,30.086733896,1,N2S623,190.0.1.2,255.255.255.255,64,NetworkReceiveFromLower,0,623,20,Data,IPPROTO_UDP,192,,1.0
2875,30.328658944,1,N2S624,190.0.1.2,255.255.255.255,56,NetworkReceiveFromLower,0,624,20,Data,IPPROTO_UDP,192,,1.0
2933,30.718491003,1,N2S637,190.0.1.2,255.255.255.255,56,NetworkReceiveFromLower,0,637,20,Data,IPPROTO_UDP,192,,1.0
3087,32.121760141,1,N2S690,190.0.1.2,255.255.255.255,64,NetworkReceiveFromLower,0,690,20,Data,IPPROTO_UDP,192,,1.0
3289,34.079223719,1,N2S753,190.0.1.2,255.255.255.255,64,NetworkReceiveFromLower,0,753,20,Data,IPPROTO_UDP,192,,1.0
3465,35.526225157,1,N2S784,190.0.1.2,255.255.255.255,56,NetworkReceiveFromLower,0,784,20,Data,IPPROTO_UDP,192,,1.0
3491,35.726530858,1,N2S800,190.0.1.2,255.255.255.255,56,NetworkReceiveFromLower,0,800,20,Data,IPPROTO_UDP,192,,1.0
3543,36.098556417,1,N2S816,190.0.1.2,255.255.255.255,64,NetworkReceiveFromLower,0,816,20,Data,IPPROTO_UDP,192,,1.0
3767,38.118483003,1,N2S878,190.0.1.2,255.255.255.255,64,NetworkReceiveFromLower,0,878,20,Data,IPPROTO_UDP,192,,1.0
3977,40.086385908,1,N2S939,190.0.1.2,255.255.255.255,64,NetworkReceiveFromLower,0,939,20,Data,IPPROTO_UDP,192,,1.0
4029,40.389140667,1,N2S940,190.0.1.2,255.255.255.255,56,NetworkReceiveFromLower,0,940,20,Data,IPPROTO_UDP,192,,1.0
4045,40.498089836,1,N2S947,190.0.1.2,255.255.255.255,56,NetworkReceiveFromLower,0,947,20,Data,IPPROTO_UDP,192,,1.0
4236,42.106315284,1,N2S1003,190.0.1.2,255.255.255.255,64,NetworkReceiveFromLower,0,1003,20,Data,IPPROTO_UDP,192,,1.0
4461,44.143797166,1,N2S1066,190.0.1.2,255.255.255.255,64,NetworkReceiveFromLower,0,1066,20,Data,IPPROTO_UDP,192,,1.0
4603,45.427826639,1,N2S1098,190.0.1.2,255.255.255.255,56,NetworkReceiveFromLower,0,1098,20,Data,IPPROTO_UDP,192,,1.0
4629,45.658304931,1,N2S1108,190.0.1.2,255.255.255.255,56,NetworkReceiveFromLower,0,1108,20,Data,IPPROTO_UDP,192,,1.0
4685,46.094550048,1,N2S1130,190.0.1.2,255.255.255.255,64,NetworkReceiveFromLower,0,1130,20,Data,IPPROTO_UDP,192,,1.0
4925,48.13026991,1,N2S1193,190.0.1.2,255.255.255.255,64,NetworkReceiveFromLower,0,1193,20,Data,IPPROTO_UDP,192,,1.0
5143,50.13252833,1,N2S1255,190.0.1.2,255.255.255.255,64,NetworkReceiveFromLower,0,1255,20,Data,IPPROTO_UDP,192,,1.0
5175,50.323112689,1,N2S1256,190.0.1.2,255.255.255.255,56,NetworkReceiveFromLower,0,1256,20,Data,IPPROTO_UDP,192,,1.0
5191,50.476375282,1,N2S1260,190.0.1.2,255.255.255.255,56,NetworkReceiveFromLower,0,1260,20,Data,IPPROTO_UDP,192,,1.0
5367,52.084270768,1,N2S1322,190.0.1.2,255.255.255.255,64,NetworkReceiveFromLower,0,1322,20,Data,IPPROTO_UDP,192,,1.0
5607,54.132024144,1,N2S1386,190.0.1.2,255.255.255.255,64,NetworkReceiveFromLower,0,1386,20,Data,IPPROTO_UDP,192,,1.0
5703,55.081296019,1,N2S1417,190.0.1.2,255.255.255.255,56,NetworkReceiveFromLower,0,1417,20,Data,IPPROTO_UDP,192,,1.0
5841,56.167102215,1,N2S1449,190.0.1.2,255.255.255.255,64,NetworkReceiveFromLower,0,1449,20,Data,IPPROTO_UDP,192,,1.0
6037,58.087135174,1,N2S1514,190.0.1.2,255.255.255.255,64,NetworkReceiveFromLower,0,1514,20,Data,IPPROTO_UDP,192,,1.0
6277,60.119075003,1,N2S1578,190.0.1.2,255.255.255.255,56,NetworkReceiveFromLower,0,1578,20,Data,IPPROTO_UDP,192,,1.0
6283,60.126999335,1,N2S1577,190.0.1.2,255.255.255.255,64,NetworkReceiveFromLower,0,1577,20,Data,IPPROTO_UDP,192,,1.0
6369,60.812294001,1,N2S1591,190.0.1.2,255.255.255.255,56,NetworkReceiveFromLower,0,1591,20,Data,IPPROTO_UDP,192,,1.0
6501,62.097239056,1,N2S1642,190.0.1.2,255.255.255.255,64,NetworkReceiveFromLower,0,1642,20,Data,IPPROTO_UDP,192,,1.0
6741,64.126428307,1,N2S1704,190.0.1.2,255.255.255.255,64,NetworkReceiveFromLower,0,1704,20,Data,IPPROTO_UDP,192,,1.0
6863,65.260291533,1,N2S1739,190.0.1.2,255.255.255.255,56,NetworkReceiveFromLower,0,1739,20,Data,IPPROTO_UDP,192,,1.0
6899,65.575750408,1,N2S1735,190.0.1.2,255.255.255.255,56,NetworkReceiveFromLower,0,1735,20,Data,IPPROTO_UDP,192,,1.0
6985,66.164288257,1,N2S1769,190.0.1.2,255.255.255.255,64,NetworkReceiveFromLower,0,1769,20,Data,IPPROTO_UDP,192,,1.0
7205,68.120183538,1,N2S1830,190.0.1.2,255.255.255.255,64,NetworkReceiveFromLower,0,1830,20,Data,IPPROTO_UDP,192,,1.0
7417,70.086163452,1,N2S1894,190.0.1.2,255.255.255.255,64,NetworkReceiveFromLower,0,1894,20,Data,IPPROTO_UDP,192,,1.0
7423,70.087329042,1,N2S1895,190.0.1.2,255.255.255.255,56,NetworkReceiveFromLower,0,1895,20,Data,IPPROTO_UDP,192,,1.0
7479,70.469000722,1,N2S1896,190.0.1.2,255.255.255.255,56,NetworkReceiveFromLower,0,1896,20,Data,IPPROTO_UDP,192,,1.0
7663,72.118683002,1,N2S1957,190.0.1.2,255.255.255.255,64,NetworkReceiveFromLower,0,1957,20,Data,IPPROTO_UDP,192,,1.0
7875,74.082831909,1,N2S2019,190.0.1.2,255.255.255.255,64,NetworkReceiveFromLower,0,2019,20,Data,IPPROTO_UDP,192,,1.0
8021,75.367116414,1,N2S2055,190.0.1.2,255.255.255.255,56,NetworkReceiveFromLower,0,2055,20,Data,IPPROTO_UDP,192,,1.0
8037,75.478040528,1,N2S2051,190.0.1.2,255.255.255.255,56,NetworkReceiveFromLower,0,2051,20,Data,IPPROTO_UDP,192,,1.0
8131,76.112766001,1,N2S2083,190.0.1.2,255.255.255.255,64,NetworkReceiveFromLower,0,2083,20,Data,IPPROTO_UDP,192,,1.0
8240,77.141792647,1,N3S2131,190.0.1.3,190.0.1.1,96,NetworkReceiveFromLower,0,2131,20,Control,IPPROTO_ICMP,0,,2.0
8354,78.123217154,1,N2S2147,190.0.1.2,255.255.255.255,64,NetworkReceiveFromLower,0,2147,20,Data,IPPROTO_UDP,192,,1.0
8560,80.081346209,1,N2S2208,190.0.1.2,255.255.255.255,64,NetworkReceiveFromLower,0,2208,20,Data,IPPROTO_UDP,192,,1.0
8573,80.107096001,1,N2S2209,190.0.1.2,255.255.255.255,56,NetworkReceiveFromLower,0,2209,20,Data,IPPROTO_UDP,192,,1.0
8672,80.929665581,1,N2S2225,190.0.1.2,255.255.255.255,56,NetworkReceiveFromLower,0,2225,20,Data,IPPROTO_UDP,192,,1.0
8689,81.039532775,1,N3S2287,190.0.1.3,190.0.1.1,96,NetworkReceiveFromLower,0,2287,20,Control,IPPROTO_ICMP,0,,2.0
8764,81.740432807,1,N3S2318,190.0.1.3,190.0.1.1,96,NetworkReceiveFromLower,0,2318,20,Control,IPPROTO_ICMP,0,,2.0
8779,81.840272807,1,N3S2326,190.0.1.3,190.0.1.1,96,NetworkReceiveFromLower,0,2326,20,Control,IPPROTO_ICMP,0,,2.0
8827,82.173470365,1,N2S2280,190.0.1.2,255.255.255.255,64,NetworkReceiveFromLower,0,2280,20,Data,IPPROTO_UDP,192,,1.0
8894,82.740892855,1,N3S2360,190.0.1.3,190.0.1.1,96,NetworkReceiveFromLower,0,2360,20,Control,IPPROTO_ICMP,0,,2.0
8959,83.348729856,1,N3S2389,190.0.1.3,190.0.1.1,96,NetworkReceiveFromLower,0,2389,20,Control,IPPROTO_ICMP,0,,2.0
9039,84.078981843,1,N2S2348,190.0.1.2,255.255.255.255,64,NetworkReceiveFromLower,0,2348,20,Data,IPPROTO_UDP,192,,1.0
9110,84.639792911,1,N3S2447,190.0.1.3,190.0.1.1,96,NetworkReceiveFromLower,0,2447,20,Control,IPPROTO_ICMP,0,,2.0
9135,84.844012911,1,N3S2459,190.0.1.3,190.0.1.1,96,NetworkReceiveFromLower,0,2459,20,Control,IPPROTO_ICMP,0,,2.0
9175,85.193398968,1,N2S2389,190.0.1.2,255.255.255.255,56,NetworkReceiveFromLower,0,2389,20,Data,IPPROTO_UDP,192,,1.0
9192,85.243252935,1,N3S2483,190.0.1.3,190.0.1.1,96,NetworkReceiveFromLower,0,2483,20,Control,IPPROTO_ICMP,0,,2.0
9196,85.260678288,1,N2S2385,190.0.1.2,255.255.255.255,56,NetworkReceiveFromLower,0,2385,20,Data,IPPROTO_UDP,192,,1.0
9279,85.940872967,1,N3S2518,190.0.1.3,190.0.1.1,96,NetworkReceiveFromLower,0,2518,20,Control,IPPROTO_ICMP,0,,2.0
9301,86.094953131,1,N2S2424,190.0.1.2,255.255.255.255,64,NetworkReceiveFromLower,0,2424,20,Data,IPPROTO_UDP,192,,1.0
9354,86.446232967,1,N3S2542,190.0.1.3,190.0.1.1,96,NetworkReceiveFromLower,0,2542,20,Control,IPPROTO_ICMP,0,,2.0
9429,87.142653015,1,N3S2580,190.0.1.3,190.0.1.1,96,NetworkReceiveFromLower,0,2580,20,Control,IPPROTO_ICMP,0,,2.0
9454,87.340713015,1,N3S2591,190.0.1.3,190.0.1.1,96,NetworkReceiveFromLower,0,2591,20,Control,IPPROTO_ICMP,0,,2.0
9489,87.641373015,1,N3S2608,190.0.1.3,190.0.1.1,96,NetworkReceiveFromLower,0,2608,20,Control,IPPROTO_ICMP,0,,2.0
9504,87.744593015,1,N3S2616,190.0.1.3,190.0.1.1,96,NetworkReceiveFromLower,0,2616,20,Control,IPPROTO_ICMP,0,,2.0
9521,87.839777047,1,N3S2624,190.0.1.3,190.0.1.1,96,NetworkReceiveFromLower,0,2624,20,Control,IPPROTO_ICMP,0,,2.0
9536,87.947510048,1,N3S2633,190.0.1.3,190.0.1.1,96,NetworkReceiveFromLower,0,2633,20,Control,IPPROTO_ICMP,0,,2.0
9551,88.040673047,1,N3S2641,190.0.1.3,190.0.1.1,96,NetworkReceiveFromLower,0,2641,20,Control,IPPROTO_ICMP,0,,2.0
9570,88.106748001,1,N2S2510,190.0.1.2,255.255.255.255,64,NetworkReceiveFromLower,0,2510,20,Data,IPPROTO_UDP,192,,1.0
9596,88.242313047,1,N3S2653,190.0.1.3,190.0.1.1,96,NetworkReceiveFromLower,0,2653,20,Control,IPPROTO_ICMP,0,,2.0
9611,88.345273071,1,N3S2661,190.0.1.3,190.0.1.1,96,NetworkReceiveFromLower,0,2661,20,Control,IPPROTO_ICMP,0,,2.0
9636,88.540753059,1,N3S2675,190.0.1.3,190.0.1.1,96,NetworkReceiveFromLower,0,2675,20,Control,IPPROTO_ICMP,0,,2.0
9651,88.642313071,1,N3S2683,190.0.1.3,190.0.1.1,96,NetworkReceiveFromLower,0,2683,20,Control,IPPROTO_ICMP,0,,2.0
9676,88.839433071,1,N3S2695,190.0.1.3,190.0.1.1,96,NetworkReceiveFromLower,0,2695,20,Control,IPPROTO_ICMP,0,,2.0
9711,89.144653095,1,N3S2711,190.0.1.3,190.0.1.1,96,NetworkReceiveFromLower,0,2711,20,Control,IPPROTO_ICMP,0,,2.0
9726,89.241873071,1,N3S2719,190.0.1.3,190.0.1.1,96,NetworkReceiveFromLower,0,2719,20,Control,IPPROTO_ICMP,0,,2.0
9751,89.439553095,1,N3S2730,190.0.1.3,190.0.1.1,96,NetworkReceiveFromLower,0,2730,20,Control,IPPROTO_ICMP,0,,2.0
9766,89.542413095,1,N3S2738,190.0.1.3,190.0.1.1,96,NetworkReceiveFromLower,0,2738,20,Control,IPPROTO_ICMP,0,,2.0
9791,89.744553095,1,N3S2750,190.0.1.3,190.0.1.1,96,NetworkReceiveFromLower,0,2750,20,Control,IPPROTO_ICMP,0,,2.0
9806,89.843433127,1,N3S2758,190.0.1.3,190.0.1.1,96,NetworkReceiveFromLower,0,2758,20,Control,IPPROTO_ICMP,0,,2.0
9856,90.127012821,1,N2S2604,190.0.1.2,255.255.255.255,64,NetworkReceiveFromLower,0,2604,20,Data,IPPROTO_UDP,192,,1.0
9865,90.144507128,1,N3S2777,190.0.1.3,190.0.1.1,96,NetworkReceiveFromLower,0,2777,20,Control,IPPROTO_ICMP,0,,2.0
9880,90.243053127,1,N3S2785,190.0.1.3,190.0.1.1,96,NetworkReceiveFromLower,0,2785,20,Control,IPPROTO_ICMP,0,,2.0
9902,90.431170257,1,N2S2605,190.0.1.2,255.255.255.255,56,NetworkReceiveFromLower,0,2605,20,Data,IPPROTO_UDP,192,,1.0
9910,90.491992785,1,N2S2609,190.0.1.2,255.255.255.255,56,NetworkReceiveFromLower,0,2609,20,Data,IPPROTO_UDP,192,,1.0
9961,90.842713127,1,N3S2821,190.0.1.3,190.0.1.1,96,NetworkReceiveFromLower,0,2821,20,Control,IPPROTO_ICMP,0,,2.0
9986,91.045273151,1,N3S2833,190.0.1.3,190.0.1.1,96,NetworkReceiveFromLower,0,2833,20,Control,IPPROTO_ICMP,0,,2.0
10031,91.444113175,1,N3S2855,190.0.1.3,190.0.1.1,96,NetworkReceiveFromLower,0,2855,20,Control,IPPROTO_ICMP,0,,2.0
10046,91.551530176,1,N3S2863,190.0.1.3,190.0.1.1,96,NetworkReceiveFromLower,0,2863,20,Control,IPPROTO_ICMP,0,,2.0
10061,91.640293175,1,N3S2871,190.0.1.3,190.0.1.1,96,NetworkReceiveFromLower,0,2871,20,Control,IPPROTO_ICMP,0,,2.0
10076,91.742013175,1,N3S2879,190.0.1.3,190.0.1.1,96,NetworkReceiveFromLower,0,2879,20,Control,IPPROTO_ICMP,0,,2.0
10101,91.941593207,1,N3S2891,190.0.1.3,190.0.1.1,96,NetworkReceiveFromLower,0,2891,20,Control,IPPROTO_ICMP,0,,2.0
10116,92.041713175,1,N3S2899,190.0.1.3,190.0.1.1,96,NetworkReceiveFromLower,0,2899,20,Control,IPPROTO_ICMP,0,,2.0
10142,92.147102393,1,N2S2699,190.0.1.2,255.255.255.255,64,NetworkReceiveFromLower,0,2699,20,Data,IPPROTO_UDP,192,,1.0
10159,92.241713207,1,N3S2914,190.0.1.3,190.0.1.1,96,NetworkReceiveFromLower,0,2914,20,Control,IPPROTO_ICMP,0,,2.0
10174,92.341993207,1,N3S2922,190.0.1.3,190.0.1.1,96,NetworkReceiveFromLower,0,2922,20,Control,IPPROTO_ICMP,0,,2.0
10189,92.442433207,1,N3S2930,190.0.1.3,190.0.1.1,96,NetworkReceiveFromLower,0,2930,20,Control,IPPROTO_ICMP,0,,2.0
10204,92.545133207,1,N3S2938,190.0.1.3,190.0.1.1,96,NetworkReceiveFromLower,0,2938,20,Control,IPPROTO_ICMP,0,,2.0
10229,92.743453231,1,N3S2949,190.0.1.3,190.0.1.1,96,NetworkReceiveFromLower,0,2949,20,Control,IPPROTO_ICMP,0,,2.0
10244,92.851550208,1,N3S2958,190.0.1.3,190.0.1.1,96,NetworkReceiveFromLower,0,2958,20,Control,IPPROTO_ICMP,0,,2.0
10259,92.941833231,1,N3S2966,190.0.1.3,190.0.1.1,96,NetworkReceiveFromLower,0,2966,20,Control,IPPROTO_ICMP,0,,2.0
10294,93.243673231,1,N3S2983,190.0.1.3,190.0.1.1,96,NetworkReceiveFromLower,0,2983,20,Control,IPPROTO_ICMP,0,,2.0
10309,93.343413231,1,N3S2991,190.0.1.3,190.0.1.1,96,NetworkReceiveFromLower,0,2991,20,Control,IPPROTO_ICMP,0,,2.0
10324,93.439793255,1,N3S2999,190.0.1.3,190.0.1.1,96,NetworkReceiveFromLower,0,2999,20,Control,IPPROTO_ICMP,0,,2.0
10359,93.740413255,1,N3S3015,190.0.1.3,190.0.1.1,96,NetworkReceiveFromLower,0,3015,20,Control,IPPROTO_ICMP,0,,2.0
10374,93.843733255,1,N3S3023,190.0.1.3,190.0.1.1,96,NetworkReceiveFromLower,0,3023,20,Control,IPPROTO_ICMP,0,,2.0
10389,93.942153271,1,N3S3031,190.0.1.3,190.0.1.1,96,NetworkReceiveFromLower,0,3031,20,Control,IPPROTO_ICMP,0,,2.0
10404,94.042273255,1,N3S3039,190.0.1.3,190.0.1.1,96,NetworkReceiveFromLower,0,3039,20,Control,IPPROTO_ICMP,0,,2.0
10426,94.124680628,1,N2S2803,190.0.1.2,255.255.255.255,64,NetworkReceiveFromLower,0,2803,20,Data,IPPROTO_UDP,192,,1.0
10437,94.142818255,1,N3S3048,190.0.1.3,190.0.1.1,96,NetworkReceiveFromLower,0,3048,20,Control,IPPROTO_ICMP,0,,2.0
10452,94.245073287,1,N3S3056,190.0.1.3,190.0.1.1,96,NetworkReceiveFromLower,0,3056,20,Control,IPPROTO_ICMP,0,,2.0
10467,94.342433287,1,N3S3064,190.0.1.3,190.0.1.1,96,NetworkReceiveFromLower,0,3064,20,Control,IPPROTO_ICMP,0,,2.0
10482,94.442753263,1,N3S3072,190.0.1.3,190.0.1.1,96,NetworkReceiveFromLower,0,3072,20,Control,IPPROTO_ICMP,0,,2.0
10497,94.538933287,1,N3S3080,190.0.1.3,190.0.1.1,96,NetworkReceiveFromLower,0,3080,20,Control,IPPROTO_ICMP,0,,2.0
10512,94.643933287,1,N3S3088,190.0.1.3,190.0.1.1,96,NetworkReceiveFromLower,0,3088,20,Control,IPPROTO_ICMP,0,,2.0
10527,94.743233311,1,N3S3096,190.0.1.3,190.0.1.1,96,NetworkReceiveFromLower,0,3096,20,Control,IPPROTO_ICMP,0,,2.0
10552,94.942633287,1,N3S3107,190.0.1.3,190.0.1.1,96,NetworkReceiveFromLower,0,3107,20,Control,IPPROTO_ICMP,0,,2.0
10577,95.139473311,1,N3S3119,190.0.1.3,190.0.1.1,96,NetworkReceiveFromLower,0,3119,20,Control,IPPROTO_ICMP,0,,2.0
10592,95.242193311,1,N3S3127,190.0.1.3,190.0.1.1,96,NetworkReceiveFromLower,0,3127,20,Control,IPPROTO_ICMP,0,,2.0
10604,95.318243978,1,N2S2858,190.0.1.2,255.255.255.255,56,NetworkReceiveFromLower,0,2858,20,Data,IPPROTO_UDP,192,,1.0
10613,95.343126311,1,N3S3136,190.0.1.3,190.0.1.1,96,NetworkReceiveFromLower,0,3136,20,Control,IPPROTO_ICMP,0,,2.0
10638,95.443331312,1,N3S3144,190.0.1.3,190.0.1.1,96,NetworkReceiveFromLower,0,3144,20,Control,IPPROTO_ICMP,0,,2.0
10653,95.541553335,1,N3S3152,190.0.1.3,190.0.1.1,96,NetworkReceiveFromLower,0,3152,20,Control,IPPROTO_ICMP,0,,2.0
10668,95.641993311,1,N3S3160,190.0.1.3,190.0.1.1,96,NetworkReceiveFromLower,0,3160,20,Control,IPPROTO_ICMP,0,,2.0
10683,95.741473329,1,N3S3168,190.0.1.3,190.0.1.1,96,NetworkReceiveFromLower,0,3168,20,Control,IPPROTO_ICMP,0,,2.0
10687,95.748785127,1,N2S2880,190.0.1.2,255.255.255.255,56,NetworkReceiveFromLower,0,2880,20,Data,IPPROTO_UDP,192,,1.0
10704,95.842933335,1,N3S3176,190.0.1.3,190.0.1.1,96,NetworkReceiveFromLower,0,3176,20,Control,IPPROTO_ICMP,0,,2.0
10719,95.939413335,1,N3S3184,190.0.1.3,190.0.1.1,96,NetworkReceiveFromLower,0,3184,20,Control,IPPROTO_ICMP,0,,2.0
10734,96.042033335,1,N3S3192,190.0.1.3,190.0.1.1,96,NetworkReceiveFromLower,0,3192,20,Control,IPPROTO_ICMP,0,,2.0
10761,96.142383336,1,N3S3201,190.0.1.3,190.0.1.1,96,NetworkReceiveFromLower,0,3201,20,Control,IPPROTO_ICMP,0,,2.0
10765,96.161178002,1,N2S2920,190.0.1.2,255.255.255.255,64,NetworkReceiveFromLower,0,2920,20,Data,IPPROTO_UDP,192,,1.0
10782,96.242993343,1,N3S3209,190.0.1.3,190.0.1.1,96,NetworkReceiveFromLower,0,3209,20,Control,IPPROTO_ICMP,0,,2.0
10797,96.340673367,1,N3S3217,190.0.1.3,190.0.1.1,96,NetworkReceiveFromLower,0,3217,20,Control,IPPROTO_ICMP,0,,2.0
10812,96.439313335,1,N3S3225,190.0.1.3,190.0.1.1,96,NetworkReceiveFromLower,0,3225,20,Control,IPPROTO_ICMP,0,,2.0
10837,96.642153367,1,N3S3237,190.0.1.3,190.0.1.1,96,NetworkReceiveFromLower,0,3237,20,Control,IPPROTO_ICMP,0,,2.0
10852,96.742873367,1,N3S3245,190.0.1.3,190.0.1.1,96,NetworkReceiveFromLower,0,3245,20,Control,IPPROTO_ICMP,0,,2.0
10877,96.943673367,1,N3S3259,190.0.1.3,190.0.1.1,96,NetworkReceiveFromLower,0,3259,20,Control,IPPROTO_ICMP,0,,2.0
10892,97.040513391,1,N3S3267,190.0.1.3,190.0.1.1,96,NetworkReceiveFromLower,0,3267,20,Control,IPPROTO_ICMP,0,,2.0
10907,97.150750392,1,N3S3275,190.0.1.3,190.0.1.1,96,NetworkReceiveFromLower,0,3275,20,Control,IPPROTO_ICMP,0,,2.0
10922,97.241513367,1,N3S3283,190.0.1.3,190.0.1.1,96,NetworkReceiveFromLower,0,3283,20,Control,IPPROTO_ICMP,0,,2.0
10937,97.340593391,1,N3S3291,190.0.1.3,190.0.1.1,96,NetworkReceiveFromLower,0,3291,20,Control,IPPROTO_ICMP,0,,2.0
10952,97.441213391,1,N3S3299,190.0.1.3,190.0.1.1,96,NetworkReceiveFromLower,0,3299,20,Control,IPPROTO_ICMP,0,,2.0
10967,97.542193409,1,N3S3307,190.0.1.3,190.0.1.1,96,NetworkReceiveFromLower,0,3307,20,Control,IPPROTO_ICMP,0,,2.0
10984,97.640657391,1,N3S3315,190.0.1.3,190.0.1.1,96,NetworkReceiveFromLower,0,3315,20,Control,IPPROTO_ICMP,0,,2.0
10999,97.742333391,1,N3S3323,190.0.1.3,190.0.1.1,96,NetworkReceiveFromLower,0,3323,20,Control,IPPROTO_ICMP,0,,2.0
11014,97.839093415,1,N3S3331,190.0.1.3,190.0.1.1,96,NetworkReceiveFromLower,0,3331,20,Control,IPPROTO_ICMP,0,,2.0
11029,97.941813415,1,N3S3339,190.0.1.3,190.0.1.1,96,NetworkReceiveFromLower,0,3339,20,Control,IPPROTO_ICMP,0,,2.0
11046,98.042073397,1,N3S3347,190.0.1.3,190.0.1.1,96,NetworkReceiveFromLower,0,3347,20,Control,IPPROTO_ICMP,0,,2.0
11068,98.129998061,1,N2S3036,190.0.1.2,255.255.255.255,64,NetworkReceiveFromLower,0,3036,20,Data,IPPROTO_UDP,192,,1.0
11077,98.142638415,1,N3S3356,190.0.1.3,190.0.1.1,96,NetworkReceiveFromLower,0,3356,20,Control,IPPROTO_ICMP,0,,2.0
11092,98.241213415,1,N3S3364,190.0.1.3,190.0.1.1,96,NetworkReceiveFromLower,0,3364,20,Control,IPPROTO_ICMP,0,,2.0
11107,98.339393447,1,N3S3372,190.0.1.3,190.0.1.1,96,NetworkReceiveFromLower,0,3372,20,Control,IPPROTO_ICMP,0,,2.0
11122,98.442453415,1,N3S3380,190.0.1.3,190.0.1.1,96,NetworkReceiveFromLower,0,3380,20,Control,IPPROTO_ICMP,0,,2.0
11137,98.544493415,1,N3S3388,190.0.1.3,190.0.1.1,96,NetworkReceiveFromLower,0,3388,20,Control,IPPROTO_ICMP,0,,2.0
11162,98.742433447,1,N3S3401,190.0.1.3,190.0.1.1,96,NetworkReceiveFromLower,0,3401,20,Control,IPPROTO_ICMP,0,,2.0
11177,98.840593447,1,N3S3409,190.0.1.3,190.0.1.1,96,NetworkReceiveFromLower,0,3409,20,Control,IPPROTO_ICMP,0,,2.0
11192,98.948530448,1,N3S3418,190.0.1.3,190.0.1.1,96,NetworkReceiveFromLower,0,3418,20,Control,IPPROTO_ICMP,0,,2.0
11207,99.042453447,1,N3S3426,190.0.1.3,190.0.1.1,96,NetworkReceiveFromLower,0,3426,20,Control,IPPROTO_ICMP,0,,2.0
11232,99.241393447,1,N3S3437,190.0.1.3,190.0.1.1,96,NetworkReceiveFromLower,0,3437,20,Control,IPPROTO_ICMP,0,,2.0
11247,99.340713465,1,N3S3445,190.0.1.3,190.0.1.1,96,NetworkReceiveFromLower,0,3445,20,Control,IPPROTO_ICMP,0,,2.0
11262,99.441373471,1,N3S3453,190.0.1.3,190.0.1.1,96,NetworkReceiveFromLower,0,3453,20,Control,IPPROTO_ICMP,0,,2.0
11277,99.542233471,1,N3S3461,190.0.1.3,190.0.1.1,96,NetworkReceiveFromLower,0,3461,20,Control,IPPROTO_ICMP,0,,2.0
11292,99.646910472,1,N3S3470,190.0.1.3,190.0.1.1,96,NetworkReceiveFromLower,0,3470,20,Control,IPPROTO_ICMP,0,,2.0
11307,99.738953471,1,N3S3478,190.0.1.3,190.0.1.1,96,NetworkReceiveFromLower,0,3478,20,Control,IPPROTO_ICMP,0,,2.0
11322,99.843433477,1,N3S3486,190.0.1.3,190.0.1.1,96,NetworkReceiveFromLower,0,3486,20,Control,IPPROTO_ICMP,0,,2.0
11337,99.944333495,1,N3S3494,190.0.1.3,190.0.1.1,96,NetworkReceiveFromLower,0,3494,20,Control,IPPROTO_ICMP,0,,2.0
11352,100.041413471,1,N3S3502,190.0.1.3,190.0.1.1,96,NetworkReceiveFromLower,0,3502,20,Control,IPPROTO_ICMP,0,,2.0
11376,100.124620748,1,N2S3155,190.0.1.2,255.255.255.255,64,NetworkReceiveFromLower,0,3155,20,Data,IPPROTO_UDP,192,,1.0
11387,100.139798495,1,N3S3512,190.0.1.3,190.0.1.1,96,NetworkReceiveFromLower,0,3512,20,Control,IPPROTO_ICMP,0,,2.0
11391,100.164234117,1,N2S3154,190.0.1.2,255.255.255.255,56,NetworkReceiveFromLower,0,3154,20,Data,IPPROTO_UDP,192,,1.0
11408,100.239833495,1,N3S3520,190.0.1.3,190.0.1.1,96,NetworkReceiveFromLower,0,3520,20,Control,IPPROTO_ICMP,0,,2.0
11423,100.340913495,1,N3S3528,190.0.1.3,190.0.1.1,96,NetworkReceiveFromLower,0,3528,20,Control,IPPROTO_ICMP,0,,2.0
11427,100.359604946,1,N2S3156,190.0.1.2,255.255.255.255,56,NetworkReceiveFromLower,0,3156,20,Data,IPPROTO_UDP,192,,1.0
11444,100.441393495,1,N3S3537,190.0.1.3,190.0.1.1,96,NetworkReceiveFromLower,0,3537,20,Control,IPPROTO_ICMP,0,,2.0
11469,100.642053527,1,N3S3550,190.0.1.3,190.0.1.1,96,NetworkReceiveFromLower,0,3550,20,Control,IPPROTO_ICMP,0,,2.0
11484,100.740553527,1,N3S3558,190.0.1.3,190.0.1.1,96,NetworkReceiveFromLower,0,3558,20,Control,IPPROTO_ICMP,0,,2.0
11503,100.842111496,1,N3S3566,190.0.1.3,190.0.1.1,96,NetworkReceiveFromLower,0,3566,20,Control,IPPROTO_ICMP,0,,2.0
11518,100.94427352700001,1,N3S3574,190.0.1.3,190.0.1.1,96,NetworkReceiveFromLower,0,3574,20,Control,IPPROTO_ICMP,0,,2.0
11533,101.041213527,1,N3S3582,190.0.1.3,190.0.1.1,96,NetworkReceiveFromLower,0,3582,20,Control,IPPROTO_ICMP,0,,2.0
11548,101.141173545,1,N3S3590,190.0.1.3,190.0.1.1,96,NetworkReceiveFromLower,0,3590,20,Control,IPPROTO_ICMP,0,,2.0
11563,101.241593527,1,N3S3598,190.0.1.3,190.0.1.1,96,NetworkReceiveFromLower,0,3598,20,Control,IPPROTO_ICMP,0,,2.0
11578,101.344653527,1,N3S3606,190.0.1.3,190.0.1.1,96,NetworkReceiveFromLower,0,3606,20,Control,IPPROTO_ICMP,0,,2.0
11593,101.443933551,1,N3S3614,190.0.1.3,190.0.1.1,96,NetworkReceiveFromLower,0,3614,20,Control,IPPROTO_ICMP,0,,2.0
11608,101.540073551,1,N3S3622,190.0.1.3,190.0.1.1,96,NetworkReceiveFromLower,0,3622,20,Control,IPPROTO_ICMP,0,,2.0
11623,101.65101054,1,N3S3630,190.0.1.3,190.0.1.1,96,NetworkReceiveFromLower,0,3630,20,Control,IPPROTO_ICMP,0,,2.0
11638,101.741433551,1,N3S3638,190.0.1.3,190.0.1.1,96,NetworkReceiveFromLower,0,3638,20,Control,IPPROTO_ICMP,0,,2.0
11653,101.841333551,1,N3S3646,190.0.1.3,190.0.1.1,96,NetworkReceiveFromLower,0,3646,20,Control,IPPROTO_ICMP,0,,2.0
11668,101.939373575,1,N3S3654,190.0.1.3,190.0.1.1,96,NetworkReceiveFromLower,0,3654,20,Control,IPPROTO_ICMP,0,,2.0
11683,102.041793551,1,N3S3662,190.0.1.3,190.0.1.1,96,NetworkReceiveFromLower,0,3662,20,Control,IPPROTO_ICMP,0,,2.0
11703,102.118002952,1,N2S3275,190.0.1.2,255.255.255.255,64,NetworkReceiveFromLower,0,3275,20,Data,IPPROTO_UDP,192,,1.0
11712,102.139298551,1,N3S3671,190.0.1.3,190.0.1.1,96,NetworkReceiveFromLower,0,3671,20,Control,IPPROTO_ICMP,0,,2.0
11731,102.240773575,1,N3S3679,190.0.1.3,190.0.1.1,96,NetworkReceiveFromLower,0,3679,20,Control,IPPROTO_ICMP,0,,2.0
11746,102.343333575,1,N3S3687,190.0.1.3,190.0.1.1,96,NetworkReceiveFromLower,0,3687,20,Control,IPPROTO_ICMP,0,,2.0
11761,102.441353575,1,N3S3695,190.0.1.3,190.0.1.1,96,NetworkReceiveFromLower,0,3695,20,Control,IPPROTO_ICMP,0,,2.0
11776,102.541473575,1,N3S3703,190.0.1.3,190.0.1.1,96,NetworkReceiveFromLower,0,3703,20,Control,IPPROTO_ICMP,0,,2.0
11791,102.641813575,1,N3S3711,190.0.1.3,190.0.1.1,96,NetworkReceiveFromLower,0,3711,20,Control,IPPROTO_ICMP,0,,2.0
11806,102.739653607,1,N3S3719,190.0.1.3,190.0.1.1,96,NetworkReceiveFromLower,0,3719,20,Control,IPPROTO_ICMP,0,,2.0
11821,102.840453575,1,N3S3727,190.0.1.3,190.0.1.1,96,NetworkReceiveFromLower,0,3727,20,Control,IPPROTO_ICMP,0,,2.0
11836,102.944490608,1,N3S3735,190.0.1.3,190.0.1.1,96,NetworkReceiveFromLower,0,3735,20,Control,IPPROTO_ICMP,0,,2.0
11851,103.044953607,1,N3S3743,190.0.1.3,190.0.1.1,96,NetworkReceiveFromLower,0,3743,20,Control,IPPROTO_ICMP,0,,2.0
11866,103.148130608,1,N3S3751,190.0.1.3,190.0.1.1,96,NetworkReceiveFromLower,0,3751,20,Control,IPPROTO_ICMP,0,,2.0
11881,103.241073607,1,N3S3759,190.0.1.3,190.0.1.1,96,NetworkReceiveFromLower,0,3759,20,Control,IPPROTO_ICMP,0,,2.0
11896,103.339553607,1,N3S3767,190.0.1.3,190.0.1.1,96,NetworkReceiveFromLower,0,3767,20,Control,IPPROTO_ICMP,0,,2.0
11911,103.441793613,1,N3S3775,190.0.1.3,190.0.1.1,96,NetworkReceiveFromLower,0,3775,20,Control,IPPROTO_ICMP,0,,2.0
11926,103.542633631,1,N3S3783,190.0.1.3,190.0.1.1,96,NetworkReceiveFromLower,0,3783,20,Control,IPPROTO_ICMP,0,,2.0
11941,103.638733607,1,N3S3791,190.0.1.3,190.0.1.1,96,NetworkReceiveFromLower,0,3791,20,Control,IPPROTO_ICMP,0,,2.0
11956,103.74461363099999,1,N3S3799,190.0.1.3,190.0.1.1,96,NetworkReceiveFromLower,0,3799,20,Control,IPPROTO_ICMP,0,,2.0
11971,103.855467633,1,N3S3809,190.0.1.3,190.0.1.1,96,NetworkReceiveFromLower,0,3809,20,Control,IPPROTO_ICMP,0,,2.0
11986,103.941513631,1,N3S3817,190.0.1.3,190.0.1.1,96,NetworkReceiveFromLower,0,3817,20,Control,IPPROTO_ICMP,0,,2.0
12001,104.041373631,1,N3S3825,190.0.1.3,190.0.1.1,96,NetworkReceiveFromLower,0,3825,20,Control,IPPROTO_ICMP,0,,2.0
12029,104.145396632,1,N3S3834,190.0.1.3,190.0.1.1,96,NetworkReceiveFromLower,0,3834,20,Control,IPPROTO_ICMP,0,,2.0
12032,104.146665632,1,N2S3400,190.0.1.2,255.255.255.255,64,NetworkReceiveFromLower,0,3400,20,Data,IPPROTO_UDP,192,,1.0
12049,104.241193655,1,N3S3842,190.0.1.3,190.0.1.1,96,NetworkReceiveFromLower,0,3842,20,Control,IPPROTO_ICMP,0,,2.0
12064,104.342573655,1,N3S3850,190.0.1.3,190.0.1.1,96,NetworkReceiveFromLower,0,3850,20,Control,IPPROTO_ICMP,0,,2.0
12079,104.442673631,1,N3S3858,190.0.1.3,190.0.1.1,96,NetworkReceiveFromLower,0,3858,20,Control,IPPROTO_ICMP,0,,2.0
12094,104.542813655,1,N3S3866,190.0.1.3,190.0.1.1,96,NetworkReceiveFromLower,0,3866,20,Control,IPPROTO_ICMP,0,,2.0
12109,104.640393655,1,N3S3874,190.0.1.3,190.0.1.1,96,NetworkReceiveFromLower,0,3874,20,Control,IPPROTO_ICMP,0,,2.0
12124,104.743873687,1,N3S3882,190.0.1.3,190.0.1.1,96,NetworkReceiveFromLower,0,3882,20,Control,IPPROTO_ICMP,0,,2.0
12139,104.842493655,1,N3S3890,190.0.1.3,190.0.1.1,96,NetworkReceiveFromLower,0,3890,20,Control,IPPROTO_ICMP,0,,2.0
12154,104.942453655,1,N3S3898,190.0.1.3,190.0.1.1,96,NetworkReceiveFromLower,0,3898,20,Control,IPPROTO_ICMP,0,,2.0
12169,105.047530688,1,N3S3907,190.0.1.3,190.0.1.1,96,NetworkReceiveFromLower,0,3907,20,Control,IPPROTO_ICMP,0,,2.0
12184,105.140573687,1,N3S3916,190.0.1.3,190.0.1.1,96,NetworkReceiveFromLower,0,3916,20,Control,IPPROTO_ICMP,0,,2.0
12199,105.240073663,1,N3S3924,190.0.1.3,190.0.1.1,96,NetworkReceiveFromLower,0,3924,20,Control,IPPROTO_ICMP,0,,2.0
12214,105.343133687,1,N3S3932,190.0.1.3,190.0.1.1,96,NetworkReceiveFromLower,0,3932,20,Control,IPPROTO_ICMP,0,,2.0
12229,105.441193687,1,N3S3940,190.0.1.3,190.0.1.1,96,NetworkReceiveFromLower,0,3940,20,Control,IPPROTO_ICMP,0,,2.0
12233,105.449115853,1,N2S3462,190.0.1.2,255.255.255.255,56,NetworkReceiveFromLower,0,3462,20,Data,IPPROTO_UDP,192,,1.0
12256,105.541613711,1,N3S3949,190.0.1.3,190.0.1.1,96,NetworkReceiveFromLower,0,3949,20,Control,IPPROTO_ICMP,0,,2.0
12260,105.566289441,1,N2S3487,190.0.1.2,255.255.255.255,56,NetworkReceiveFromLower,0,3487,20,Data,IPPROTO_UDP,192,,1.0
12281,105.640633687,1,N3S3957,190.0.1.3,190.0.1.1,96,NetworkReceiveFromLower,0,3957,20,Control,IPPROTO_ICMP,0,,2.0
12296,105.749430694,1,N3S3966,190.0.1.3,190.0.1.1,96,NetworkReceiveFromLower,0,3966,20,Control,IPPROTO_ICMP,0,,2.0
12311,105.848030712,1,N3S3974,190.0.1.3,190.0.1.1,96,NetworkReceiveFromLower,0,3974,20,Control,IPPROTO_ICMP,0,,2.0
12326,105.942033711,1,N3S3982,190.0.1.3,190.0.1.1,96,NetworkReceiveFromLower,0,3982,20,Control,IPPROTO_ICMP,0,,2.0
12343,106.041333711,1,N3S3990,190.0.1.3,190.0.1.1,96,NetworkReceiveFromLower,0,3990,20,Control,IPPROTO_ICMP,0,,2.0
12365,106.133009584,1,N2S3526,190.0.1.2,255.255.255.255,64,NetworkReceiveFromLower,0,3526,20,Data,IPPROTO_UDP,192,,1.0
12374,106.142118711,1,N3S3999,190.0.1.3,190.0.1.1,96,NetworkReceiveFromLower,0,3999,20,Control,IPPROTO_ICMP,0,,2.0
12389,106.244753711,1,N3S4007,190.0.1.3,190.0.1.1,96,NetworkReceiveFromLower,0,4007,20,Control,IPPROTO_ICMP,0,,2.0
12404,106.343873735,1,N3S4015,190.0.1.3,190.0.1.1,96,NetworkReceiveFromLower,0,4015,20,Control,IPPROTO_ICMP,0,,2.0
12419,106.443873711,1,N3S4023,190.0.1.3,190.0.1.1,96,NetworkReceiveFromLower,0,4023,20,Control,IPPROTO_ICMP,0,,2.0
12434,106.541093735,1,N3S4031,190.0.1.3,190.0.1.1,96,NetworkReceiveFromLower,0,4031,20,Control,IPPROTO_ICMP,0,,2.0
12449,106.642073735,1,N3S4039,190.0.1.3,190.0.1.1,96,NetworkReceiveFromLower,0,4039,20,Control,IPPROTO_ICMP,0,,2.0
12464,106.739113735,1,N3S4047,190.0.1.3,190.0.1.1,96,NetworkReceiveFromLower,0,4047,20,Control,IPPROTO_ICMP,0,,2.0
12479,106.840913735,1,N3S4055,190.0.1.3,190.0.1.1,96,NetworkReceiveFromLower,0,4055,20,Control,IPPROTO_ICMP,0,,2.0
12494,106.942953735,1,N3S4063,190.0.1.3,190.0.1.1,96,NetworkReceiveFromLower,0,4063,20,Control,IPPROTO_ICMP,0,,2.0
12509,107.045853751,1,N3S4071,190.0.1.3,190.0.1.1,96,NetworkReceiveFromLower,0,4071,20,Control,IPPROTO_ICMP,0,,2.0
12524,107.144873767,1,N3S4079,190.0.1.3,190.0.1.1,96,NetworkReceiveFromLower,0,4079,20,Control,IPPROTO_ICMP,0,,2.0
12539,107.239433735,1,N3S4087,190.0.1.3,190.0.1.1,96,NetworkReceiveFromLower,0,4087,20,Control,IPPROTO_ICMP,0,,2.0
12554,107.341773767,1,N3S4095,190.0.1.3,190.0.1.1,96,NetworkReceiveFromLower,0,4095,20,Control,IPPROTO_ICMP,0,,2.0
12569,107.440253767,1,N3S4103,190.0.1.3,190.0.1.1,96,NetworkReceiveFromLower,0,4103,20,Control,IPPROTO_ICMP,0,,2.0
12584,107.540953767,1,N3S4111,190.0.1.3,190.0.1.1,96,NetworkReceiveFromLower,0,4111,20,Control,IPPROTO_ICMP,0,,2.0
12599,107.641433767,1,N3S4119,190.0.1.3,190.0.1.1,96,NetworkReceiveFromLower,0,4119,20,Control,IPPROTO_ICMP,0,,2.0
12614,107.740953767,1,N3S4127,190.0.1.3,190.0.1.1,96,NetworkReceiveFromLower,0,4127,20,Control,IPPROTO_ICMP,0,,2.0
12629,107.842533791,1,N3S4135,190.0.1.3,190.0.1.1,96,NetworkReceiveFromLower,0,4135,20,Control,IPPROTO_ICMP,0,,2.0
12644,107.941073791,1,N3S4143,190.0.1.3,190.0.1.1,96,NetworkReceiveFromLower,0,4143,20,Control,IPPROTO_ICMP,0,,2.0
12659,108.041013767,1,N3S4151,190.0.1.3,190.0.1.1,96,NetworkReceiveFromLower,0,4151,20,Control,IPPROTO_ICMP,0,,2.0
12686,108.149399793,1,N3S4161,190.0.1.3,190.0.1.1,96,NetworkReceiveFromLower,0,4161,20,Control,IPPROTO_ICMP,0,,2.0
12701,108.244793791,1,N3S4169,190.0.1.3,190.0.1.1,96,NetworkReceiveFromLower,0,4169,20,Control,IPPROTO_ICMP,0,,2.0
12716,108.340653815,1,N3S4177,190.0.1.3,190.0.1.1,96,NetworkReceiveFromLower,0,4177,20,Control,IPPROTO_ICMP,0,,2.0
12731,108.444373791,1,N3S4185,190.0.1.3,190.0.1.1,96,NetworkReceiveFromLower,0,4185,20,Control,IPPROTO_ICMP,0,,2.0
12746,108.539673791,1,N3S4193,190.0.1.3,190.0.1.1,96,NetworkReceiveFromLower,0,4193,20,Control,IPPROTO_ICMP,0,,2.0
12761,108.647190816,1,N3S4202,190.0.1.3,190.0.1.1,96,NetworkReceiveFromLower,0,4202,20,Control,IPPROTO_ICMP,0,,2.0
12776,108.741613815,1,N3S4210,190.0.1.3,190.0.1.1,96,NetworkReceiveFromLower,0,4210,20,Control,IPPROTO_ICMP,0,,2.0
12791,108.843173803,1,N3S4218,190.0.1.3,190.0.1.1,96,NetworkReceiveFromLower,0,4218,20,Control,IPPROTO_ICMP,0,,2.0
12806,108.942173815,1,N3S4226,190.0.1.3,190.0.1.1,96,NetworkReceiveFromLower,0,4226,20,Control,IPPROTO_ICMP,0,,2.0
12821,109.040893815,1,N3S4234,190.0.1.3,190.0.1.1,96,NetworkReceiveFromLower,0,4234,20,Control,IPPROTO_ICMP,0,,2.0
12836,109.143386848,1,N3S4242,190.0.1.3,190.0.1.1,96,NetworkReceiveFromLower,0,4242,20,Control,IPPROTO_ICMP,0,,2.0
12851,109.243073815,1,N3S4250,190.0.1.3,190.0.1.1,96,NetworkReceiveFromLower,0,4250,20,Control,IPPROTO_ICMP,0,,2.0
12866,109.343813815,1,N3S4258,190.0.1.3,190.0.1.1,96,NetworkReceiveFromLower,0,4258,20,Control,IPPROTO_ICMP,0,,2.0
12881,109.439673847,1,N3S4266,190.0.1.3,190.0.1.1,96,NetworkReceiveFromLower,0,4266,20,Control,IPPROTO_ICMP,0,,2.0
12896,109.540373847,1,N3S4274,190.0.1.3,190.0.1.1,96,NetworkReceiveFromLower,0,4274,20,Control,IPPROTO_ICMP,0,,2.0
12911,109.642173847,1,N3S4282,190.0.1.3,190.0.1.1,96,NetworkReceiveFromLower,0,4282,20,Control,IPPROTO_ICMP,0,,2.0
12926,109.743693847,1,N3S4290,190.0.1.3,190.0.1.1,96,NetworkReceiveFromLower,0,4290,20,Control,IPPROTO_ICMP,0,,2.0
12941,109.840393847,1,N3S4298,190.0.1.3,190.0.1.1,96,NetworkReceiveFromLower,0,4298,20,Control,IPPROTO_ICMP,0,,2.0
12956,109.941253871,1,N3S4306,190.0.1.3,190.0.1.1,96,NetworkReceiveFromLower,0,4306,20,Control,IPPROTO_ICMP,0,,2.0
12971,110.043633847,1,N3S4314,190.0.1.3,190.0.1.1,96,NetworkReceiveFromLower,0,4314,20,Control,IPPROTO_ICMP,0,,2.0
12981,110.100113292,1,N2S3773,190.0.1.2,255.255.255.255,64,NetworkReceiveFromLower,0,3773,20,Data,IPPROTO_UDP,192,,1.0
12995,110.124548003,1,N2S3774,190.0.1.2,255.255.255.255,56,NetworkReceiveFromLower,0,3774,20,Data,IPPROTO_UDP,192,,1.0
13006,110.148245476,1,N3S4324,190.0.1.3,190.0.1.1,96,NetworkReceiveFromLower,0,4324,20,Control,IPPROTO_ICMP,0,,2.0
13021,110.244813871,1,N3S4333,190.0.1.3,190.0.1.1,96,NetworkReceiveFromLower,0,4333,20,Control,IPPROTO_ICMP,0,,2.0
13040,110.339971872,1,N3S4341,190.0.1.3,190.0.1.1,96,NetworkReceiveFromLower,0,4341,20,Control,IPPROTO_ICMP,0,,2.0
13055,110.441753871,1,N3S4349,190.0.1.3,190.0.1.1,96,NetworkReceiveFromLower,0,4349,20,Control,IPPROTO_ICMP,0,,2.0
13070,110.540033871,1,N3S4357,190.0.1.3,190.0.1.1,96,NetworkReceiveFromLower,0,4357,20,Control,IPPROTO_ICMP,0,,2.0
13085,110.640533883,1,N3S4365,190.0.1.3,190.0.1.1,96,NetworkReceiveFromLower,0,4365,20,Control,IPPROTO_ICMP,0,,2.0
13100,110.750850896,1,N3S4374,190.0.1.3,190.0.1.1,96,NetworkReceiveFromLower,0,4374,20,Control,IPPROTO_ICMP,0,,2.0
13104,110.793187056,1,N2S3791,190.0.1.2,255.255.255.255,56,NetworkReceiveFromLower,0,3791,20,Data,IPPROTO_UDP,192,,1.0
13121,110.845510872,1,N3S4383,190.0.1.3,190.0.1.1,96,NetworkReceiveFromLower,0,4383,20,Control,IPPROTO_ICMP,0,,2.0
13136,110.943553895,1,N3S4391,190.0.1.3,190.0.1.1,96,NetworkReceiveFromLower,0,4391,20,Control,IPPROTO_ICMP,0,,2.0
13151,111.045473895,1,N3S4399,190.0.1.3,190.0.1.1,96,NetworkReceiveFromLower,0,4399,20,Control,IPPROTO_ICMP,0,,2.0
13166,111.141973895,1,N3S4407,190.0.1.3,190.0.1.1,96,NetworkReceiveFromLower,0,4407,20,Control,IPPROTO_ICMP,0,,2.0
13181,111.249470896,1,N3S4416,190.0.1.3,190.0.1.1,96,NetworkReceiveFromLower,0,4416,20,Control,IPPROTO_ICMP,0,,2.0
13196,111.342133895,1,N3S4424,190.0.1.3,190.0.1.1,96,NetworkReceiveFromLower,0,4424,20,Control,IPPROTO_ICMP,0,,2.0
13211,111.443853927,1,N3S4432,190.0.1.3,190.0.1.1,96,NetworkReceiveFromLower,0,4432,20,Control,IPPROTO_ICMP,0,,2.0
13226,111.543553927,1,N3S4440,190.0.1.3,190.0.1.1,96,NetworkReceiveFromLower,0,4440,20,Control,IPPROTO_ICMP,0,,2.0
13241,111.638453895,1,N3S4448,190.0.1.3,190.0.1.1,96,NetworkReceiveFromLower,0,4448,20,Control,IPPROTO_ICMP,0,,2.0
13256,111.740733927,1,N3S4456,190.0.1.3,190.0.1.1,96,NetworkReceiveFromLower,0,4456,20,Control,IPPROTO_ICMP,0,,2.0
13271,111.840613927,1,N3S4464,190.0.1.3,190.0.1.1,96,NetworkReceiveFromLower,0,4464,20,Control,IPPROTO_ICMP,0,,2.0
13286,111.940673951,1,N3S4472,190.0.1.3,190.0.1.1,96,NetworkReceiveFromLower,0,4472,20,Control,IPPROTO_ICMP,0,,2.0
13301,112.040993927,1,N3S4480,190.0.1.3,190.0.1.1,96,NetworkReceiveFromLower,0,4480,20,Control,IPPROTO_ICMP,0,,2.0
13322,112.141553927,1,N3S4489,190.0.1.3,190.0.1.1,96,NetworkReceiveFromLower,0,4489,20,Control,IPPROTO_ICMP,0,,2.0
13326,112.144774707,1,N2S3900,190.0.1.2,255.255.255.255,64,NetworkReceiveFromLower,0,3900,20,Data,IPPROTO_UDP,192,,1.0
13347,112.250310952,1,N3S4498,190.0.1.3,190.0.1.1,96,NetworkReceiveFromLower,0,4498,20,Control,IPPROTO_ICMP,0,,2.0
13362,112.341113951,1,N3S4506,190.0.1.3,190.0.1.1,96,NetworkReceiveFromLower,0,4506,20,Control,IPPROTO_ICMP,0,,2.0
13377,112.443493939,1,N3S4514,190.0.1.3,190.0.1.1,96,NetworkReceiveFromLower,0,4514,20,Control,IPPROTO_ICMP,0,,2.0
13392,112.542853951,1,N3S4522,190.0.1.3,190.0.1.1,96,NetworkReceiveFromLower,0,4522,20,Control,IPPROTO_ICMP,0,,2.0
13407,112.639953951,1,N3S4530,190.0.1.3,190.0.1.1,96,NetworkReceiveFromLower,0,4530,20,Control,IPPROTO_ICMP,0,,2.0
13422,112.739373975,1,N3S4538,190.0.1.3,190.0.1.1,96,NetworkReceiveFromLower,0,4538,20,Control,IPPROTO_ICMP,0,,2.0
13437,112.839453951,1,N3S4546,190.0.1.3,190.0.1.1,96,NetworkReceiveFromLower,0,4546,20,Control,IPPROTO_ICMP,0,,2.0
13452,112.941033951,1,N3S4554,190.0.1.3,190.0.1.1,96,NetworkReceiveFromLower,0,4554,20,Control,IPPROTO_ICMP,0,,2.0
13467,113.045073975,1,N3S4562,190.0.1.3,190.0.1.1,96,NetworkReceiveFromLower,0,4562,20,Control,IPPROTO_ICMP,0,,2.0
13482,113.143893975,1,N3S4570,190.0.1.3,190.0.1.1,96,NetworkReceiveFromLower,0,4570,20,Control,IPPROTO_ICMP,0,,2.0
13497,113.241913975,1,N3S4578,190.0.1.3,190.0.1.1,96,NetworkReceiveFromLower,0,4578,20,Control,IPPROTO_ICMP,0,,2.0
13512,113.340593975,1,N3S4586,190.0.1.3,190.0.1.1,96,NetworkReceiveFromLower,0,4586,20,Control,IPPROTO_ICMP,0,,2.0
13527,113.443633975,1,N3S4594,190.0.1.3,190.0.1.1,96,NetworkReceiveFromLower,0,4594,20,Control,IPPROTO_ICMP,0,,2.0
13542,113.540953999,1,N3S4602,190.0.1.3,190.0.1.1,96,NetworkReceiveFromLower,0,4602,20,Control,IPPROTO_ICMP,0,,2.0
13557,113.642613975,1,N3S4610,190.0.1.3,190.0.1.1,96,NetworkReceiveFromLower,0,4610,20,Control,IPPROTO_ICMP,0,,2.0
13572,113.740493999,1,N3S4618,190.0.1.3,190.0.1.1,96,NetworkReceiveFromLower,0,4618,20,Control,IPPROTO_ICMP,0,,2.0
13587,113.840673999,1,N3S4626,190.0.1.3,190.0.1.1,96,NetworkReceiveFromLower,0,4626,20,Control,IPPROTO_ICMP,0,,2.0
13602,113.944613999,1,N3S4634,190.0.1.3,190.0.1.1,96,NetworkReceiveFromLower,0,4634,20,Control,IPPROTO_ICMP,0,,2.0
13617,114.015864003,1,N3S4638,190.0.1.3,190.0.1.1,96,NetworkReceiveFromLower,0,4638,20,Control,IPPROTO_ICMP,0,,2.0
13640,114.114624003,1,N3S4643,190.0.1.3,190.0.1.1,96,NetworkReceiveFromLower,0,4643,20,Control,IPPROTO_ICMP,0,,2.0
13648,114.163774025,1,N2S4022,190.0.1.2,255.255.255.255,64,NetworkReceiveFromLower,0,4022,20,Data,IPPROTO_UDP,192,,1.0
13665,114.214984003,1,N3S4647,190.0.1.3,190.0.1.1,96,NetworkReceiveFromLower,0,4647,20,Control,IPPROTO_ICMP,0,,2.0
13680,114.315664003,1,N3S4651,190.0.1.3,190.0.1.1,96,NetworkReceiveFromLower,0,4651,20,Control,IPPROTO_ICMP,0,,2.0
13695,114.414764003,1,N3S4655,190.0.1.3,190.0.1.1,96,NetworkReceiveFromLower,0,4655,20,Control,IPPROTO_ICMP,0,,2.0
13710,114.515704003,1,N3S4659,190.0.1.3,190.0.1.1,96,NetworkReceiveFromLower,0,4659,20,Control,IPPROTO_ICMP,0,,2.0
13725,114.614624003,1,N3S4663,190.0.1.3,190.0.1.1,96,NetworkReceiveFromLower,0,4663,20,Control,IPPROTO_ICMP,0,,2.0
13740,114.714684003,1,N3S4667,190.0.1.3,190.0.1.1,96,NetworkReceiveFromLower,0,4667,20,Control,IPPROTO_ICMP,0,,2.0
13755,114.814664003,1,N3S4671,190.0.1.3,190.0.1.1,96,NetworkReceiveFromLower,0,4671,20,Control,IPPROTO_ICMP,0,,2.0
13770,114.915304003,1,N3S4675,190.0.1.3,190.0.1.1,96,NetworkReceiveFromLower,0,4675,20,Control,IPPROTO_ICMP,0,,2.0
13785,115.014524003,1,N3S4679,190.0.1.3,190.0.1.1,96,NetworkReceiveFromLower,0,4679,20,Control,IPPROTO_ICMP,0,,2.0
13800,115.115024003,1,N3S4684,190.0.1.3,190.0.1.1,96,NetworkReceiveFromLower,0,4684,20,Control,IPPROTO_ICMP,0,,2.0
13815,115.214744003,1,N3S4688,190.0.1.3,190.0.1.1,96,NetworkReceiveFromLower,0,4688,20,Control,IPPROTO_ICMP,0,,2.0
13819,115.263671444,1,N2S4083,190.0.1.2,255.255.255.255,56,NetworkReceiveFromLower,0,4083,20,Data,IPPROTO_UDP,192,,1.0
13836,115.315324003,1,N3S4693,190.0.1.3,190.0.1.1,96,NetworkReceiveFromLower,0,4693,20,Control,IPPROTO_ICMP,0,,2.0
13857,115.416346004,1,N3S4697,190.0.1.3,190.0.1.1,96,NetworkReceiveFromLower,0,4697,20,Control,IPPROTO_ICMP,0,,2.0
13872,115.514884003,1,N3S4701,190.0.1.3,190.0.1.1,96,NetworkReceiveFromLower,0,4701,20,Control,IPPROTO_ICMP,0,,2.0
13891,115.615924003,1,N3S4705,190.0.1.3,190.0.1.1,96,NetworkReceiveFromLower,0,4705,20,Control,IPPROTO_ICMP,0,,2.0
13906,115.720761004,1,N3S4709,190.0.1.3,190.0.1.1,96,NetworkReceiveFromLower,0,4709,20,Control,IPPROTO_ICMP,0,,2.0
13910,115.7264898,1,N2S4105,190.0.1.2,255.255.255.255,52,NetworkReceiveFromLower,0,4105,20,Data,IPPROTO_UDP,192,,1.0
13938,116.156078673,1,N2S4128,190.0.1.2,255.255.255.255,64,NetworkReceiveFromLower,0,4128,20,Data,IPPROTO_UDP,192,,1.0
14038,118.10775071,1,N2S4129,190.0.1.2,255.255.255.255,64,NetworkReceiveFromLower,0,4129,20,Data,IPPROTO_UDP,192,,1.0
14130,120.086076511,1,N2S4130,190.0.1.2,255.255.255.255,60,NetworkReceiveFromLower,0,4130,20,Data,IPPROTO_UDP,192,,1.0
14148,120.335603288,1,N2S4131,190.0.1.2,255.255.255.255,56,NetworkReceiveFromLower,0,4131,20,Data,IPPROTO_UDP,192,,1.0
14174,120.698925886,1,N2S4132,190.0.1.2,255.255.255.255,52,NetworkReceiveFromLower,0,4132,20,Data,IPPROTO_UDP,192,,1.0
14250,122.141853122,1,N2S4133,190.0.1.2,255.255.255.255,60,NetworkReceiveFromLower,0,4133,20,Data,IPPROTO_UDP,192,,1.0
14346,124.12555033,1,N2S4134,190.0.1.2,255.255.255.255,60,NetworkReceiveFromLower,0,4134,20,Data,IPPROTO_UDP,192,,1.0
14404,125.35608726,1,N2S4136,190.0.1.2,255.255.255.255,52,NetworkReceiveFromLower,0,4136,20,Data,IPPROTO_UDP,192,,1.0
14414,125.43377465,1,N2S4135,190.0.1.2,255.255.255.255,56,NetworkReceiveFromLower,0,4135,20,Data,IPPROTO_UDP,192,,1.0
14448,126.089377084,1,N2S4137,190.0.1.2,255.255.255.255,60,NetworkReceiveFromLower,0,4137,20,Data,IPPROTO_UDP,192,,1.0
14558,128.11089426,1,N2S4138,190.0.1.2,255.255.255.255,60,NetworkReceiveFromLower,0,4138,20,Data,IPPROTO_UDP,192,,1.0
14652,130.121647192,1,N2S4139,190.0.1.2,255.255.255.255,60,NetworkReceiveFromLower,0,4139,20,Data,IPPROTO_UDP,192,,1.0
14668,130.292119366,1,N2S4140,190.0.1.2,255.255.255.255,56,NetworkReceiveFromLower,0,4140,20,Data,IPPROTO_UDP,192,,1.0
14686,130.511402427,1,N2S4141,190.0.1.2,255.255.255.255,48,NetworkReceiveFromLower,0,4141,20,Data,IPPROTO_UDP,192,,1.0
14762,132.114480257,1,N2S4142,190.0.1.2,255.255.255.255,60,NetworkReceiveFromLower,0,4142,20,Data,IPPROTO_UDP,192,,1.0
14862,134.139823011,1,N2S4143,190.0.1.2,255.255.255.255,60,NetworkReceiveFromLower,0,4143,20,Data,IPPROTO_UDP,192,,1.0
14920,135.436323126,1,N2S4144,190.0.1.2,255.255.255.255,56,NetworkReceiveFromLower,0,4144,20,Data,IPPROTO_UDP,192,,1.0
14942,135.781673716,1,N2S4145,190.0.1.2,255.255.255.255,48,NetworkReceiveFromLower,0,4145,20,Data,IPPROTO_UDP,192,,1.0
14974,136.155120562,1,N2S4146,190.0.1.2,255.255.255.255,60,NetworkReceiveFromLower,0,4146,20,Data,IPPROTO_UDP,192,,1.0
15070,138.1408022,1,N2S4147,190.0.1.2,255.255.255.255,60,NetworkReceiveFromLower,0,4147,20,Data,IPPROTO_UDP,192,,1.0
15162,140.143048361,1,N2S4148,190.0.1.2,255.255.255.255,60,NetworkReceiveFromLower,0,4148,20,Data,IPPROTO_UDP,192,,1.0
15184,140.484479626,1,N2S4149,190.0.1.2,255.255.255.255,56,NetworkReceiveFromLower,0,4149,20,Data,IPPROTO_UDP,192,,1.0
15268,142.117911955,1,N2S4150,190.0.1.2,255.255.255.255,60,NetworkReceiveFromLower,0,4150,20,Data,IPPROTO_UDP,192,,1.0
15364,144.159241154,1,N2S4151,190.0.1.2,255.255.255.255,60,NetworkReceiveFromLower,0,4151,20,Data,IPPROTO_UDP,192,,1.0
15410,145.196514899,1,N2S4152,190.0.1.2,255.255.255.255,56,NetworkReceiveFromLower,0,4152,20,Data,IPPROTO_UDP,192,,1.0
15466,146.140842621,1,N2S4153,190.0.1.2,255.255.255.255,60,NetworkReceiveFromLower,0,4153,20,Data,IPPROTO_UDP,192,,1.0
15562,148.124875922,1,N2S4154,190.0.1.2,255.255.255.255,60,NetworkReceiveFromLower,0,4154,20,Data,IPPROTO_UDP,192,,1.0
15658,150.138683243,1,N2S4155,190.0.1.2,255.255.255.255,60,NetworkReceiveFromLower,0,4155,20,Data,IPPROTO_UDP,192,,1.0
15676,150.486833512,1,N2S4156,190.0.1.2,255.255.255.255,56,NetworkReceiveFromLower,0,4156,20,Data,IPPROTO_UDP,192,,1.0
15752,152.136345487,1,N2S4157,190.0.1.2,255.255.255.255,60,NetworkReceiveFromLower,0,4157,20,Data,IPPROTO_UDP,192,,1.0
15854,154.129988809,1,N2S4158,190.0.1.2,255.255.255.255,60,NetworkReceiveFromLower,0,4158,20,Data,IPPROTO_UDP,192,,1.0
15908,155.35069519,1,N2S4159,190.0.1.2,255.255.255.255,56,NetworkReceiveFromLower,0,4159,20,Data,IPPROTO_UDP,192,,1.0
15956,156.163405857,1,N2S4160,190.0.1.2,255.255.255.255,60,NetworkReceiveFromLower,0,4160,20,Data,IPPROTO_UDP,192,,1.0
16052,158.147195202,1,N2S4161,190.0.1.2,255.255.255.255,60,NetworkReceiveFromLower,0,4161,20,Data,IPPROTO_UDP,192,,1.0
16144,160.113048399,1,N2S4163,190.0.1.2,255.255.255.255,56,NetworkReceiveFromLower,0,4163,20,Data,IPPROTO_UDP,192,,1.0
16150,160.120522531,1,N2S4162,190.0.1.2,255.255.255.255,60,NetworkReceiveFromLower,0,4162,20,Data,IPPROTO_UDP,192,,1.0
16236,162.088623496,1,N2S4164,190.0.1.2,255.255.255.255,60,NetworkReceiveFromLower,0,4164,20,Data,IPPROTO_UDP,192,,1.0
16346,164.176332181,1,N2S4165,190.0.1.2,255.255.255.255,60,NetworkReceiveFromLower,0,4165,20,Data,IPPROTO_UDP,192,,1.0
16396,165.235039484,1,N2S4166,190.0.1.2,255.255.255.255,56,NetworkReceiveFromLower,0,4166,20,Data,IPPROTO_UDP,192,,1.0
16444,166.118615275,1,N2S4167,190.0.1.2,255.255.255.255,60,NetworkReceiveFromLower,0,4167,20,Data,IPPROTO_UDP,192,,1.0
16544,168.162076218,1,N2S4168,190.0.1.2,255.255.255.255,60,NetworkReceiveFromLower,0,4168,20,Data,IPPROTO_UDP,192,,1.0
16640,170.137307369,1,N2S4169,190.0.1.2,255.255.255.255,60,NetworkReceiveFromLower,0,4169,20,Data,IPPROTO_UDP,192,,1.0
16658,170.486622125,1,N2S4170,190.0.1.2,255.255.255.255,56,NetworkReceiveFromLower,0,4170,20,Data,IPPROTO_UDP,192,,1.0
16742,172.171490997,1,N2S4171,190.0.1.2,255.255.255.255,60,NetworkReceiveFromLower,0,4171,20,Data,IPPROTO_UDP,192,,1.0
16828,174.10297924,1,N2S4172,190.0.1.2,255.255.255.255,60,NetworkReceiveFromLower,0,4172,20,Data,IPPROTO_UDP,192,,1.0
16892,175.322002101,1,N2S4173,190.0.1.2,255.255.255.255,56,NetworkReceiveFromLower,0,4173,20,Data,IPPROTO_UDP,192,,1.0
16940,176.149587424,1,N2S4174,190.0.1.2,255.255.255.255,60,NetworkReceiveFromLower,0,4174,20,Data,IPPROTO_UDP,192,,1.0
17032,178.113281358,1,N2S4175,190.0.1.2,255.255.255.255,60,NetworkReceiveFromLower,0,4175,20,Data,IPPROTO_UDP,192,,1.0
17122,180.136127862,1,N2S4176,190.0.1.2,255.255.255.255,60,NetworkReceiveFromLower,0,4176,20,Data,IPPROTO_UDP,192,,1.0
17130,180.37611028,1,N2S4177,190.0.1.2,255.255.255.255,56,NetworkReceiveFromLower,0,4177,20,Data,IPPROTO_UDP,192,,1.0
17136,182.096502021,1,N2S4178,190.0.1.2,255.255.255.255,60,NetworkReceiveFromLower,0,4178,20,Data,IPPROTO_UDP,192,,1.0
17158,184.121927029,1,N2S4179,190.0.1.2,255.255.255.255,60,NetworkReceiveFromLower,0,4179,20,Data,IPPROTO_UDP,192,,1.0
17168,185.576535589,1,N2S4180,190.0.1.2,255.255.255.255,56,NetworkReceiveFromLower,0,4180,20,Data,IPPROTO_UDP,192,,1.0
17184,186.161135579,1,N2S4181,190.0.1.2,255.255.255.255,60,NetworkReceiveFromLower,0,4181,20,Data,IPPROTO_UDP,192,,1.0
17192,188.081310679,1,N2S4182,190.0.1.2,255.255.255.255,60,NetworkReceiveFromLower,0,4182,20,Data,IPPROTO_UDP,192,,1.0
17216,190.119521551,1,N2S4183,190.0.1.2,255.255.255.255,60,NetworkReceiveFromLower,0,4183,20,Data,IPPROTO_UDP,192,,1.0
17222,190.136033202,1,N2S4184,190.0.1.2,255.255.255.255,56,NetworkReceiveFromLower,0,4184,20,Data,IPPROTO_UDP,192,,1.0
17230,192.09389405,1,N2S4185,190.0.1.2,255.255.255.255,60,NetworkReceiveFromLower,0,4185,20,Data,IPPROTO_UDP,192,,1.0
17250,194.122617188,1,N2S4186,190.0.1.2,255.255.255.255,60,NetworkReceiveFromLower,0,4186,20,Data,IPPROTO_UDP,192,,1.0
17260,195.409315384,1,N2S4187,190.0.1.2,255.255.255.255,56,NetworkReceiveFromLower,0,4187,20,Data,IPPROTO_UDP,192,,1.0
17276,196.155405172,1,N2S4188,190.0.1.2,255.255.255.255,60,NetworkReceiveFromLower,0,4188,20,Data,IPPROTO_UDP,192,,1.0
17292,198.167106256,1,N2S4189,190.0.1.2,255.255.255.255,60,NetworkReceiveFromLower,0,4189,20,Data,IPPROTO_UDP,192,,1.0
17308,200.167946212,1,N2S4190,190.0.1.2,255.255.255.255,60,NetworkReceiveFromLower,0,4190,20,Data,IPPROTO_UDP,192,,1.0
17314,200.317635046,1,N2S4191,190.0.1.2,255.255.255.255,56,NetworkReceiveFromLower,0,4191,20,Data,IPPROTO_UDP,192,,1.0
17326,202.114300601,1,N2S4192,190.0.1.2,255.255.255.255,60,NetworkReceiveFromLower,0,4192,20,Data,IPPROTO_UDP,192,,1.0
17346,204.151570608,1,N2S4193,190.0.1.2,255.255.255.255,60,NetworkReceiveFromLower,0,4193,20,Data,IPPROTO_UDP,192,,1.0
17352,205.175699906,1,N2S4194,190.0.1.2,255.255.255.255,56,NetworkReceiveFromLower,0,4194,20,Data,IPPROTO_UDP,192,,1.0
17368,206.149727377,1,N2S4195,190.0.1.2,255.255.255.255,60,NetworkReceiveFromLower,0,4195,20,Data,IPPROTO_UDP,192,,1.0
17378,208.115715802,1,N2S4196,190.0.1.2,255.255.255.255,60,NetworkReceiveFromLower,0,4196,20,Data,IPPROTO_UDP,192,,1.0
17396,210.112470204,1,N2S4197,190.0.1.2,255.255.255.255,60,NetworkReceiveFromLower,0,4197,20,Data,IPPROTO_UDP,192,,1.0
17406,210.22220533,1,N2S4198,190.0.1.2,255.255.255.255,56,NetworkReceiveFromLower,0,4198,20,Data,IPPROTO_UDP,192,,1.0
17420,212.079920301,1,N2S4199,190.0.1.2,255.255.255.255,60,NetworkReceiveFromLower,0,4199,20,Data,IPPROTO_UDP,192,,1.0
17438,214.161357272,1,N2S4200,190.0.1.2,255.255.255.255,60,NetworkReceiveFromLower,0,4200,20,Data,IPPROTO_UDP,192,,1.0
17444,215.228358871,1,N2S4201,190.0.1.2,255.255.255.255,56,NetworkReceiveFromLower,0,4201,20,Data,IPPROTO_UDP,192,,1.0
17456,216.12033693,1,N2S4202,190.0.1.2,255.255.255.255,60,NetworkReceiveFromLower,0,4202,20,Data,IPPROTO_UDP,192,,1.0
17470,218.080974367,1,N2S4203,190.0.1.2,255.255.255.255,60,NetworkReceiveFromLower,0,4203,20,Data,IPPROTO_UDP,192,,1.0
17488,220.098238377,1,N2S4204,190.0.1.2,255.255.255.255,60,NetworkReceiveFromLower,0,4204,20,Data,IPPROTO_UDP,192,,1.0
17498,220.402326538,1,N2S4205,190.0.1.2,255.255.255.255,56,NetworkReceiveFromLower,0,4205,20,Data,IPPROTO_UDP,192,,1.0
17514,222.16654351,1,N2S4206,190.0.1.2,255.255.255.255,60,NetworkReceiveFromLower,0,4206,20,Data,IPPROTO_UDP,192,,1.0
17522,224.094931847,1,N2S4207,190.0.1.2,255.255.255.255,60,NetworkReceiveFromLower,0,4207,20,Data,IPPROTO_UDP,192,,1.0
17536,225.18084273,1,N2S4208,190.0.1.2,255.255.255.255,56,NetworkReceiveFromLower,0,4208,20,Data,IPPROTO_UDP,192,,1.0
17552,226.162654847,1,N2S4209,190.0.1.2,255.255.255.255,60,NetworkReceiveFromLower,0,4209,20,Data,IPPROTO_UDP,192,,1.0
17560,228.082302246,1,N2S4210,190.0.1.2,255.255.255.255,60,NetworkReceiveFromLower,0,4210,20,Data,IPPROTO_UDP,192,,1.0
17580,230.131111853,1,N2S4211,190.0.1.2,255.255.255.255,60,NetworkReceiveFromLower,0,4211,20,Data,IPPROTO_UDP,192,,1.0
17590,230.321000186,1,N2S4212,190.0.1.2,255.255.255.255,56,NetworkReceiveFromLower,0,4212,20,Data,IPPROTO_UDP,192,,1.0
17606,232.176374402,1,N2S4213,190.0.1.2,255.255.255.255,60,NetworkReceiveFromLower,0,4213,20,Data,IPPROTO_UDP,192,,1.0
17622,234.127840795,1,N2S4214,190.0.1.2,255.255.255.255,60,NetworkReceiveFromLower,0,4214,20,Data,IPPROTO_UDP,192,,1.0
17628,235.249240453,1,N2S4215,190.0.1.2,255.255.255.255,56,NetworkReceiveFromLower,0,4215,20,Data,IPPROTO_UDP,192,,1.0
17642,236.092833376,1,N2S4216,190.0.1.2,255.255.255.255,60,NetworkReceiveFromLower,0,4216,20,Data,IPPROTO_UDP,192,,1.0
17656,238.137813521,1,N2S4217,190.0.1.2,255.255.255.255,60,NetworkReceiveFromLower,0,4217,20,Data,IPPROTO_UDP,192,,1.0
