9,0.027391469,4,N3S0,190.0.1.3,255.255.255.255,36,NetworkReceiveFromLower,0,0,20,Control,IPPROTO_ICMP,192,,1.0
25,0.124524972,4,N3S1,190.0.1.3,255.255.255.255,56,NetworkReceiveFromLower,0,1,20,Data,IPPROTO_UDP,192,,1.0
129,2.057895661,4,N3S2,190.0.1.3,255.255.255.255,60,NetworkReceiveFromLower,0,2,20,Data,IPPROTO_UDP,192,,1.0
189,3.027411469,4,N3S3,190.0.1.3,255.255.255.255,36,NetworkReceiveFromLower,0,3,20,Control,IPPROTO_ICMP,192,,1.0
263,4.120626557,4,N3S4,190.0.1.3,255.255.255.255,64,NetworkReceiveFromLower,0,4,20,Data,IPPROTO_UDP,192,,1.0
355,6.027571469,4,N3S5,190.0.1.3,255.255.255.255,36,NetworkReceiveFromLower,0,5,20,Control,IPPROTO_ICMP,192,,1.0
371,6.09848132,4,N3S6,190.0.1.3,255.255.255.255,64,NetworkReceiveFromLower,0,6,20,Data,IPPROTO_UDP,192,,1.0
487,8.130020131,4,N3S7,190.0.1.3,255.255.255.255,64,NetworkReceiveFromLower,0,7,20,Data,IPPROTO_UDP,192,,1.0
579,10.097819392,4,N3S8,190.0.1.3,255.255.255.255,64,NetworkReceiveFromLower,0,8,20,Data,IPPROTO_UDP,192,,1.0
603,10.168403827,4,N3S10,190.0.1.3,255.255.255.255,56,NetworkReceiveFromLower,0,10,20,Data,IPPROTO_UDP,192,,1.0
621,10.439652002,4,N3S9,190.0.1.3,255.255.255.255,56,NetworkReceiveFromLower,0,9,20,Data,IPPROTO_UDP,192,,1.0
657,11.017194502,4,N1S229,190.0.1.1,190.0.1.4,1052,NetworkReceiveFromLower,0,229,20,Data,IPPROTO_UDP,0,,3.0
667,11.117594502,4,N1S231,190.0.1.1,190.0.1.4,1052,NetworkReceiveFromLower,0,231,20,Data,IPPROTO_UDP,0,,3.0
677,11.217214502,4,N1S233,190.0.1.1,190.0.1.4,1052,NetworkReceiveFromLower,0,233,20,Data,IPPROTO_UDP,0,,3.0
687,11.317174502,4,N1S235,190.0.1.1,190.0.1.4,1052,NetworkReceiveFromLower,0,235,20,Data,IPPROTO_UDP,0,,3.0
697,11.416754502,4,N1S237,190.0.1.1,190.0.1.4,1052,NetworkReceiveFromLower,0,237,20,Data,IPPROTO_UDP,0,,3.0
707,11.517154502,4,N1S239,190.0.1.1,190.0.1.4,1052,NetworkReceiveFromLower,0,239,20,Data,IPPROTO_UDP,0,,3.0
717,11.616874502,4,N1S241,190.0.1.1,190.0.1.4,1052,NetworkReceiveFromLower,0,241,20,Data,IPPROTO_UDP,0,,3.0
727,11.717138502,4,N1S243,190.0.1.1,190.0.1.4,1052,NetworkReceiveFromLower,0,243,20,Data,IPPROTO_UDP,0,,3.0
737,11.817338502,4,N1S245,190.0.1.1,190.0.1.4,1052,NetworkReceiveFromLower,0,245,20,Data,IPPROTO_UDP,0,,3.0
747,11.916434502,4,N1S247,190.0.1.1,190.0.1.4,1052,NetworkReceiveFromLower,0,247,20,Data,IPPROTO_UDP,0,,3.0
757,12.016914502,4,N1S249,190.0.1.1,190.0.1.4,1052,NetworkReceiveFromLower,0,249,20,Data,IPPROTO_UDP,0,,3.0
779,12.117274502,4,N1S252,190.0.1.1,190.0.1.4,1052,NetworkReceiveFromLower,0,252,20,Data,IPPROTO_UDP,0,,3.0
785,12.147462603,4,N3S44,190.0.1.3,255.255.255.255,64,NetworkReceiveFromLower,0,44,20,Data,IPPROTO_UDP,192,,1.0
795,12.216894502,4,N1S254,190.0.1.1,190.0.1.4,1052,NetworkReceiveFromLower,0,254,20,Data,IPPROTO_UDP,0,,3.0
805,12.316634502,4,N1S256,190.0.1.1,190.0.1.4,1052,NetworkReceiveFromLower,0,256,20,Data,IPPROTO_UDP,0,,3.0
815,12.417334502,4,N1S258,190.0.1.1,190.0.1.4,1052,NetworkReceiveFromLower,0,258,20,Data,IPPROTO_UDP,0,,3.0
825,12.517494502,4,N1S260,190.0.1.1,190.0.1.4,1052,NetworkReceiveFromLower,0,260,20,Data,IPPROTO_UDP,0,,3.0
835,12.617234502,4,N1S262,190.0.1.1,190.0.1.4,1052,NetworkReceiveFromLower,0,262,20,Data,IPPROTO_UDP,0,,3.0
845,12.717414502,4,N1S264,190.0.1.1,190.0.1.4,1052,NetworkReceiveFromLower,0,264,20,Data,IPPROTO_UDP,0,,3.0
855,12.817354502,4,N1S266,190.0.1.1,190.0.1.4,1052,NetworkReceiveFromLower,0,266,20,Data,IPPROTO_UDP,0,,3.0
865,12.917554502,4,N1S268,190.0.1.1,190.0.1.4,1052,NetworkReceiveFromLower,0,268,20,Data,IPPROTO_UDP,0,,3.0
875,13.022511503,4,N1S270,190.0.1.1,190.0.1.4,1052,NetworkReceiveFromLower,0,270,20,Data,IPPROTO_UDP,0,,3.0
885,13.117414502,4,N1S273,190.0.1.1,190.0.1.4,1052,NetworkReceiveFromLower,0,273,20,Data,IPPROTO_UDP,0,,3.0
895,13.217174502,4,N1S275,190.0.1.1,190.0.1.4,1052,NetworkReceiveFromLower,0,275,20,Data,IPPROTO_UDP,0,,3.0
905,13.317094502,4,N1S277,190.0.1.1,190.0.1.4,1052,NetworkReceiveFromLower,0,277,20,Data,IPPROTO_UDP,0,,3.0
915,13.417174502,4,N1S279,190.0.1.1,190.0.1.4,1052,NetworkReceiveFromLower,0,279,20,Data,IPPROTO_UDP,0,,3.0
925,13.517154502,4,N1S281,190.0.1.1,190.0.1.4,1052,NetworkReceiveFromLower,0,281,20,Data,IPPROTO_UDP,0,,3.0
935,13.617214502,4,N1S283,190.0.1.1,190.0.1.4,1052,NetworkReceiveFromLower,0,283,20,Data,IPPROTO_UDP,0,,3.0
945,13.716774502,4,N1S285,190.0.1.1,190.0.1.4,1052,NetworkReceiveFromLower,0,285,20,Data,IPPROTO_UDP,0,,3.0
955,13.816674502,4,N1S287,190.0.1.1,190.0.1.4,1052,NetworkReceiveFromLower,0,287,20,Data,IPPROTO_UDP,0,,3.0
965,13.917234502,4,N1S289,190.0.1.1,190.0.1.4,1052,NetworkReceiveFromLower,0,289,20,Data,IPPROTO_UDP,0,,3.0
975,14.016854502,4,N1S291,190.0.1.1,190.0.1.4,1052,NetworkReceiveFromLower,0,291,20,Data,IPPROTO_UDP,0,,3.0
993,14.116914502,4,N1S294,190.0.1.1,190.0.1.4,1052,NetworkReceiveFromLower,0,294,20,Data,IPPROTO_UDP,0,,3.0
999,14.117823502,4,N3S105,190.0.1.3,255.255.255.255,64,NetworkReceiveFromLower,0,105,20,Data,IPPROTO_UDP,192,,1.0
1013,14.217414502,4,N1S296,190.0.1.1,190.0.1.4,1052,NetworkReceiveFromLower,0,296,20,Data,IPPROTO_UDP,0,,3.0
1023,14.316954502,4,N1S298,190.0.1.1,190.0.1.4,1052,NetworkReceiveFromLower,0,298,20,Data,IPPROTO_UDP,0,,3.0
1033,14.417334502,4,N1S300,190.0.1.1,190.0.1.4,1052,NetworkReceiveFromLower,0,300,20,Data,IPPROTO_UDP,0,,3.0
1043,14.517154502,4,N1S302,190.0.1.1,190.0.1.4,1052,NetworkReceiveFromLower,0,302,20,Data,IPPROTO_UDP,0,,3.0
1053,14.617734502,4,N1S304,190.0.1.1,190.0.1.4,1052,NetworkReceiveFromLower,0,304,20,Data,IPPROTO_UDP,0,,3.0
1063,14.716994502,4,N1S306,190.0.1.1,190.0.1.4,1052,NetworkReceiveFromLower,0,306,20,Data,IPPROTO_UDP,0,,3.0
1073,14.817294502,4,N1S308,190.0.1.1,190.0.1.4,1052,NetworkReceiveFromLower,0,308,20,Data,IPPROTO_UDP,0,,3.0
1083,14.916794502,4,N1S310,190.0.1.1,190.0.1.4,1052,NetworkReceiveFromLower,0,310,20,Data,IPPROTO_UDP,0,,3.0
1093,15.017334502,4,N1S312,190.0.1.1,190.0.1.4,1052,NetworkReceiveFromLower,0,312,20,Data,IPPROTO_UDP,0,,3.0
1109,15.117514502,4,N1S314,190.0.1.1,190.0.1.4,1052,NetworkReceiveFromLower,0,314,20,Data,IPPROTO_UDP,0,,3.0
1115,15.190734438,4,N3S137,190.0.1.3,255.255.255.255,56,NetworkReceiveFromLower,0,137,20,Data,IPPROTO_UDP,192,,1.0
1125,15.217514502,4,N1S316,190.0.1.1,190.0.1.4,1052,NetworkReceiveFromLower,0,316,20,Data,IPPROTO_UDP,0,,3.0
1131,15.298514004,4,N3S136,190.0.1.3,255.255.255.255,56,NetworkReceiveFromLower,0,136,20,Data,IPPROTO_UDP,192,,1.0
1141,15.317834502,4,N1S318,190.0.1.1,190.0.1.4,1052,NetworkReceiveFromLower,0,318,20,Data,IPPROTO_UDP,0,,3.0
1153,15.417014502,4,N1S320,190.0.1.1,190.0.1.4,1052,NetworkReceiveFromLower,0,320,20,Data,IPPROTO_UDP,0,,3.0
1167,15.517454502,4,N1S322,190.0.1.1,190.0.1.4,1052,NetworkReceiveFromLower,0,322,20,Data,IPPROTO_UDP,0,,3.0
1177,15.617174502,4,N1S324,190.0.1.1,190.0.1.4,1052,NetworkReceiveFromLower,0,324,20,Data,IPPROTO_UDP,0,,3.0
1187,15.717518502,4,N1S326,190.0.1.1,190.0.1.4,1052,NetworkReceiveFromLower,0,326,20,Data,IPPROTO_UDP,0,,3.0
1197,15.817214502,4,N1S328,190.0.1.1,190.0.1.4,1052,NetworkReceiveFromLower,0,328,20,Data,IPPROTO_UDP,0,,3.0
1207,15.924051503,4,N1S330,190.0.1.1,190.0.1.4,1052,NetworkReceiveFromLower,0,330,20,Data,IPPROTO_UDP,0,,3.0
1217,16.017194502,4,N1S332,190.0.1.1,190.0.1.4,1052,NetworkReceiveFromLower,0,332,20,Data,IPPROTO_UDP,0,,3.0
1237,16.117034502,4,N1S335,190.0.1.1,190.0.1.4,1052,NetworkReceiveFromLower,0,335,20,Data,IPPROTO_UDP,0,,3.0
1243,16.122602001,4,N3S169,190.0.1.3,255.255.255.255,64,NetworkReceiveFromLower,0,169,20,Data,IPPROTO_UDP,192,,1.0
1257,16.217314502,4,N1S337,190.0.1.1,190.0.1.4,1052,NetworkReceiveFromLower,0,337,20,Data,IPPROTO_UDP,0,,3.0
1267,16.317214502,4,N1S339,190.0.1.1,190.0.1.4,1052,NetworkReceiveFromLower,0,339,20,Data,IPPROTO_UDP,0,,3.0
1277,16.424331503,4,N1S341,190.0.1.1,190.0.1.4,1052,NetworkReceiveFromLower,0,341,20,Data,IPPROTO_UDP,0,,3.0
1287,16.517494502,4,N1S343,190.0.1.1,190.0.1.4,1052,NetworkReceiveFromLower,0,343,20,Data,IPPROTO_UDP,0,,3.0
1297,16.623751503,4,N1S345,190.0.1.1,190.0.1.4,1052,NetworkReceiveFromLower,0,345,20,Data,IPPROTO_UDP,0,,3.0
1307,16.717594502,4,N1S348,190.0.1.1,190.0.1.4,1052,NetworkReceiveFromLower,0,348,20,Data,IPPROTO_UDP,0,,3.0
1317,16.816614502,4,N1S350,190.0.1.1,190.0.1.4,1052,NetworkReceiveFromLower,0,350,20,Data,IPPROTO_UDP,0,,3.0
1327,16.917074502,4,N1S352,190.0.1.1,190.0.1.4,1052,NetworkReceiveFromLower,0,352,20,Data,IPPROTO_UDP,0,,3.0
1337,17.017034502,4,N1S354,190.0.1.1,190.0.1.4,1052,NetworkReceiveFromLower,0,354,20,Data,IPPROTO_UDP,0,,3.0
1347,17.117194502,4,N1S356,190.0.1.1,190.0.1.4,1052,NetworkReceiveFromLower,0,356,20,Data,IPPROTO_UDP,0,,3.0
1357,17.223251503,4,N1S358,190.0.1.1,190.0.1.4,1052,NetworkReceiveFromLower,0,358,20,Data,IPPROTO_UDP,0,,3.0
1367,17.316874502,4,N1S360,190.0.1.1,190.0.1.4,1052,NetworkReceiveFromLower,0,360,20,Data,IPPROTO_UDP,0,,3.0
1377,17.417074502,4,N1S362,190.0.1.1,190.0.1.4,1052,NetworkReceiveFromLower,0,362,20,Data,IPPROTO_UDP,0,,3.0
1387,17.517174502,4,N1S364,190.0.1.1,190.0.1.4,1052,NetworkReceiveFromLower,0,364,20,Data,IPPROTO_UDP,0,,3.0
1397,17.617094502,4,N1S366,190.0.1.1,190.0.1.4,1052,NetworkReceiveFromLower,0,366,20,Data,IPPROTO_UDP,0,,3.0
1407,17.717334502,4,N1S368,190.0.1.1,190.0.1.4,1052,NetworkReceiveFromLower,0,368,20,Data,IPPROTO_UDP,0,,3.0
1417,17.817234502,4,N1S370,190.0.1.1,190.0.1.4,1052,NetworkReceiveFromLower,0,370,20,Data,IPPROTO_UDP,0,,3.0
1427,17.916974502,4,N1S372,190.0.1.1,190.0.1.4,1052,NetworkReceiveFromLower,0,372,20,Data,IPPROTO_UDP,0,,3.0
1443,18.017999502,4,N1S374,190.0.1.1,190.0.1.4,1052,NetworkReceiveFromLower,0,374,20,Data,IPPROTO_UDP,0,,3.0
1453,18.117074502,4,N1S377,190.0.1.1,190.0.1.4,1052,NetworkReceiveFromLower,0,377,20,Data,IPPROTO_UDP,0,,3.0
1459,18.144694478,4,N3S232,190.0.1.3,255.255.255.255,64,NetworkReceiveFromLower,0,232,20,Data,IPPROTO_UDP,192,,1.0
1477,18.217014502,4,N1S379,190.0.1.1,190.0.1.4,1052,NetworkReceiveFromLower,0,379,20,Data,IPPROTO_UDP,0,,3.0
1487,18.317454502,4,N1S381,190.0.1.1,190.0.1.4,1052,NetworkReceiveFromLower,0,381,20,Data,IPPROTO_UDP,0,,3.0
1497,18.423691503,4,N1S383,190.0.1.1,190.0.1.4,1052,NetworkReceiveFromLower,0,383,20,Data,IPPROTO_UDP,0,,3.0
1507,18.517434502,4,N1S385,190.0.1.1,190.0.1.4,1052,NetworkReceiveFromLower,0,385,20,Data,IPPROTO_UDP,0,,3.0
1517,18.622951503,4,N1S387,190.0.1.1,190.0.1.4,1052,NetworkReceiveFromLower,0,387,20,Data,IPPROTO_UDP,0,,3.0
1527,18.717114502,4,N1S390,190.0.1.1,190.0.1.4,1052,NetworkReceiveFromLower,0,390,20,Data,IPPROTO_UDP,0,,3.0
1537,18.816854502,4,N1S392,190.0.1.1,190.0.1.4,1052,NetworkReceiveFromLower,0,392,20,Data,IPPROTO_UDP,0,,3.0
1547,18.916814502,4,N1S394,190.0.1.1,190.0.1.4,1052,NetworkReceiveFromLower,0,394,20,Data,IPPROTO_UDP,0,,3.0
1557,19.016694502,4,N1S396,190.0.1.1,190.0.1.4,1052,NetworkReceiveFromLower,0,396,20,Data,IPPROTO_UDP,0,,3.0
1567,19.116654502,4,N1S398,190.0.1.1,190.0.1.4,1052,NetworkReceiveFromLower,0,398,20,Data,IPPROTO_UDP,0,,3.0
1577,19.223451503,4,N1S400,190.0.1.1,190.0.1.4,1052,NetworkReceiveFromLower,0,400,20,Data,IPPROTO_UDP,0,,3.0
1587,19.317234502,4,N1S402,190.0.1.1,190.0.1.4,1052,NetworkReceiveFromLower,0,402,20,Data,IPPROTO_UDP,0,,3.0
1597,19.417394502,4,N1S404,190.0.1.1,190.0.1.4,1052,NetworkReceiveFromLower,0,404,20,Data,IPPROTO_UDP,0,,3.0
1607,19.517614502,4,N1S406,190.0.1.1,190.0.1.4,1052,NetworkReceiveFromLower,0,406,20,Data,IPPROTO_UDP,0,,3.0
1617,19.617374502,4,N1S408,190.0.1.1,190.0.1.4,1052,NetworkReceiveFromLower,0,408,20,Data,IPPROTO_UDP,0,,3.0
1627,19.717534502,4,N1S410,190.0.1.1,190.0.1.4,1052,NetworkReceiveFromLower,0,410,20,Data,IPPROTO_UDP,0,,3.0
1637,19.817534502,4,N1S412,190.0.1.1,190.0.1.4,1052,NetworkReceiveFromLower,0,412,20,Data,IPPROTO_UDP,0,,3.0
1647,19.917234502,4,N1S414,190.0.1.1,190.0.1.4,1052,NetworkReceiveFromLower,0,414,20,Data,IPPROTO_UDP,0,,3.0
1657,20.017294502,4,N1S416,190.0.1.1,190.0.1.4,1052,NetworkReceiveFromLower,0,416,20,Data,IPPROTO_UDP,0,,3.0
1678,20.118104503,4,N1S419,190.0.1.1,190.0.1.4,1052,NetworkReceiveFromLower,0,419,20,Data,IPPROTO_UDP,0,,3.0
1683,20.119313503,4,N3S297,190.0.1.3,255.255.255.255,64,NetworkReceiveFromLower,0,297,20,Data,IPPROTO_UDP,192,,1.0
1697,20.216614502,4,N1S421,190.0.1.1,190.0.1.4,1052,NetworkReceiveFromLower,0,421,20,Data,IPPROTO_UDP,0,,3.0
1717,20.313093502,4,N3S298,190.0.1.3,255.255.255.255,56,NetworkReceiveFromLower,0,298,20,Data,IPPROTO_UDP,192,,1.0
1719,20.318392503,4,N1S423,190.0.1.1,190.0.1.4,1052,NetworkReceiveFromLower,0,423,20,Data,IPPROTO_UDP,0,,3.0
1725,20.390069341,4,N3S305,190.0.1.3,255.255.255.255,56,NetworkReceiveFromLower,0,305,20,Data,IPPROTO_UDP,192,,1.0
1737,20.431012504,4,N1S425,190.0.1.1,190.0.1.4,1052,NetworkReceiveFromLower,0,425,20,Data,IPPROTO_UDP,0,,3.0
1751,20.516974502,4,N1S429,190.0.1.1,190.0.1.4,1052,NetworkReceiveFromLower,0,429,20,Data,IPPROTO_UDP,0,,3.0
1761,20.617294502,4,N1S431,190.0.1.1,190.0.1.4,1052,NetworkReceiveFromLower,0,431,20,Data,IPPROTO_UDP,0,,3.0
1771,20.716974502,4,N1S433,190.0.1.1,190.0.1.4,1052,NetworkReceiveFromLower,0,433,20,Data,IPPROTO_UDP,0,,3.0
1781,20.817014502,4,N1S435,190.0.1.1,190.0.1.4,1052,NetworkReceiveFromLower,0,435,20,Data,IPPROTO_UDP,0,,3.0
1791,20.917114502,4,N1S437,190.0.1.1,190.0.1.4,1052,NetworkReceiveFromLower,0,437,20,Data,IPPROTO_UDP,0,,3.0
1801,21.017294502,4,N1S439,190.0.1.1,190.0.1.4,1052,NetworkReceiveFromLower,0,439,20,Data,IPPROTO_UDP,0,,3.0
1811,21.116914502,4,N1S441,190.0.1.1,190.0.1.4,1052,NetworkReceiveFromLower,0,441,20,Data,IPPROTO_UDP,0,,3.0
1821,21.217134502,4,N1S443,190.0.1.1,190.0.1.4,1052,NetworkReceiveFromLower,0,443,20,Data,IPPROTO_UDP,0,,3.0
1831,21.316654502,4,N1S445,190.0.1.1,190.0.1.4,1052,NetworkReceiveFromLower,0,445,20,Data,IPPROTO_UDP,0,,3.0
1841,21.416934502,4,N1S447,190.0.1.1,190.0.1.4,1052,NetworkReceiveFromLower,0,447,20,Data,IPPROTO_UDP,0,,3.0
1851,21.516954502,4,N1S449,190.0.1.1,190.0.1.4,1052,NetworkReceiveFromLower,0,449,20,Data,IPPROTO_UDP,0,,3.0
1861,21.616594502,4,N1S451,190.0.1.1,190.0.1.4,1052,NetworkReceiveFromLower,0,451,20,Data,IPPROTO_UDP,0,,3.0
1871,21.717354502,4,N1S453,190.0.1.1,190.0.1.4,1052,NetworkReceiveFromLower,0,453,20,Data,IPPROTO_UDP,0,,3.0
1881,21.817554502,4,N1S455,190.0.1.1,190.0.1.4,1052,NetworkReceiveFromLower,0,455,20,Data,IPPROTO_UDP,0,,3.0
1891,21.916934502,4,N1S457,190.0.1.1,190.0.1.4,1052,NetworkReceiveFromLower,0,457,20,Data,IPPROTO_UDP,0,,3.0
1901,22.017534502,4,N1S459,190.0.1.1,190.0.1.4,1052,NetworkReceiveFromLower,0,459,20,Data,IPPROTO_UDP,0,,3.0
1921,22.116814502,4,N1S462,190.0.1.1,190.0.1.4,1052,NetworkReceiveFromLower,0,462,20,Data,IPPROTO_UDP,0,,3.0
1931,22.145639486,4,N3S360,190.0.1.3,255.255.255.255,64,NetworkReceiveFromLower,0,360,20,Data,IPPROTO_UDP,192,,1.0
1941,22.217154502,4,N1S464,190.0.1.1,190.0.1.4,1052,NetworkReceiveFromLower,0,464,20,Data,IPPROTO_UDP,0,,3.0
1951,22.316734502,4,N1S466,190.0.1.1,190.0.1.4,1052,NetworkReceiveFromLower,0,466,20,Data,IPPROTO_UDP,0,,3.0
1961,22.417194502,4,N1S468,190.0.1.1,190.0.1.4,1052,NetworkReceiveFromLower,0,468,20,Data,IPPROTO_UDP,0,,3.0
1971,22.523251503,4,N1S470,190.0.1.1,190.0.1.4,1052,NetworkReceiveFromLower,0,470,20,Data,IPPROTO_UDP,0,,3.0
1981,22.617194502,4,N1S472,190.0.1.1,190.0.1.4,1052,NetworkReceiveFromLower,0,472,20,Data,IPPROTO_UDP,0,,3.0
1991,22.717494502,4,N1S474,190.0.1.1,190.0.1.4,1052,NetworkReceiveFromLower,0,474,20,Data,IPPROTO_UDP,0,,3.0
2001,22.817034502,4,N1S476,190.0.1.1,190.0.1.4,1052,NetworkReceiveFromLower,0,476,20,Data,IPPROTO_UDP,0,,3.0
2011,22.916934502,4,N1S478,190.0.1.1,190.0.1.4,1052,NetworkReceiveFromLower,0,478,20,Data,IPPROTO_UDP,0,,3.0
2021,23.017014502,4,N1S480,190.0.1.1,190.0.1.4,1052,NetworkReceiveFromLower,0,480,20,Data,IPPROTO_UDP,0,,3.0
2031,23.116974502,4,N1S482,190.0.1.1,190.0.1.4,1052,NetworkReceiveFromLower,0,482,20,Data,IPPROTO_UDP,0,,3.0
2041,23.217214502,4,N1S484,190.0.1.1,190.0.1.4,1052,NetworkReceiveFromLower,0,484,20,Data,IPPROTO_UDP,0,,3.0
2051,23.317654502,4,N1S486,190.0.1.1,190.0.1.4,1052,NetworkReceiveFromLower,0,486,20,Data,IPPROTO_UDP,0,,3.0
2061,23.416854502,4,N1S488,190.0.1.1,190.0.1.4,1052,NetworkReceiveFromLower,0,488,20,Data,IPPROTO_UDP,0,,3.0
2071,23.517094502,4,N1S490,190.0.1.1,190.0.1.4,1052,NetworkReceiveFromLower,0,490,20,Data,IPPROTO_UDP,0,,3.0
2081,23.616954502,4,N1S492,190.0.1.1,190.0.1.4,1052,NetworkReceiveFromLower,0,492,20,Data,IPPROTO_UDP,0,,3.0
2091,23.716714502,4,N1S494,190.0.1.1,190.0.1.4,1052,NetworkReceiveFromLower,0,494,20,Data,IPPROTO_UDP,0,,3.0
2101,23.817534502,4,N1S496,190.0.1.1,190.0.1.4,1052,NetworkReceiveFromLower,0,496,20,Data,IPPROTO_UDP,0,,3.0
2111,23.917194502,4,N1S498,190.0.1.1,190.0.1.4,1052,NetworkReceiveFromLower,0,498,20,Data,IPPROTO_UDP,0,,3.0
2121,24.017294502,4,N1S500,190.0.1.1,190.0.1.4,1052,NetworkReceiveFromLower,0,500,20,Data,IPPROTO_UDP,0,,3.0
2137,24.117294502,4,N1S503,190.0.1.1,190.0.1.4,1052,NetworkReceiveFromLower,0,503,20,Data,IPPROTO_UDP,0,,3.0
2143,24.136387773,4,N3S422,190.0.1.3,255.255.255.255,64,NetworkReceiveFromLower,0,422,20,Data,IPPROTO_UDP,192,,1.0
2161,24.216874502,4,N1S505,190.0.1.1,190.0.1.4,1052,NetworkReceiveFromLower,0,505,20,Data,IPPROTO_UDP,0,,3.0
2171,24.316494502,4,N1S507,190.0.1.1,190.0.1.4,1052,NetworkReceiveFromLower,0,507,20,Data,IPPROTO_UDP,0,,3.0
2181,24.417974502,4,N1S509,190.0.1.1,190.0.1.4,1052,NetworkReceiveFromLower,0,509,20,Data,IPPROTO_UDP,0,,3.0
2191,24.517294502,4,N1S511,190.0.1.1,190.0.1.4,1052,NetworkReceiveFromLower,0,511,20,Data,IPPROTO_UDP,0,,3.0
2201,24.617574502,4,N1S513,190.0.1.1,190.0.1.4,1052,NetworkReceiveFromLower,0,513,20,Data,IPPROTO_UDP,0,,3.0
2211,24.717114502,4,N1S515,190.0.1.1,190.0.1.4,1052,NetworkReceiveFromLower,0,515,20,Data,IPPROTO_UDP,0,,3.0
2221,24.817498502,4,N1S517,190.0.1.1,190.0.1.4,1052,NetworkReceiveFromLower,0,517,20,Data,IPPROTO_UDP,0,,3.0
2231,24.917758502,4,N1S519,190.0.1.1,190.0.1.4,1052,NetworkReceiveFromLower,0,519,20,Data,IPPROTO_UDP,0,,3.0
2241,25.017694502,4,N1S521,190.0.1.1,190.0.1.4,1052,NetworkReceiveFromLower,0,521,20,Data,IPPROTO_UDP,0,,3.0
2257,25.117714502,4,N1S523,190.0.1.1,190.0.1.4,1052,NetworkReceiveFromLower,0,523,20,Data,IPPROTO_UDP,0,,3.0
2267,25.217214502,4,N1S525,190.0.1.1,190.0.1.4,1052,NetworkReceiveFromLower,0,525,20,Data,IPPROTO_UDP,0,,3.0
2277,25.317314502,4,N1S527,190.0.1.1,190.0.1.4,1052,NetworkReceiveFromLower,0,527,20,Data,IPPROTO_UDP,0,,3.0
2283,25.376701254,4,N3S454,190.0.1.3,255.255.255.255,56,NetworkReceiveFromLower,0,454,20,Data,IPPROTO_UDP,192,,1.0
2293,25.417474502,4,N1S529,190.0.1.1,190.0.1.4,1052,NetworkReceiveFromLower,0,529,20,Data,IPPROTO_UDP,0,,3.0
2303,25.517314502,4,N1S531,190.0.1.1,190.0.1.4,1052,NetworkReceiveFromLower,0,531,20,Data,IPPROTO_UDP,0,,3.0
2309,25.518711502,4,N3S453,190.0.1.3,255.255.255.255,56,NetworkReceiveFromLower,0,453,20,Data,IPPROTO_UDP,192,,1.0
2321,25.617154502,4,N1S533,190.0.1.1,190.0.1.4,1052,NetworkReceiveFromLower,0,533,20,Data,IPPROTO_UDP,0,,3.0
2335,25.717394502,4,N1S535,190.0.1.1,190.0.1.4,1052,NetworkReceiveFromLower,0,535,20,Data,IPPROTO_UDP,0,,3.0
2345,25.817214502,4,N1S537,190.0.1.1,190.0.1.4,1052,NetworkReceiveFromLower,0,537,20,Data,IPPROTO_UDP,0,,3.0
2355,25.916954502,4,N1S539,190.0.1.1,190.0.1.4,1052,NetworkReceiveFromLower,0,539,20,Data,IPPROTO_UDP,0,,3.0
2365,26.016554502,4,N1S541,190.0.1.1,190.0.1.4,1052,NetworkReceiveFromLower,0,541,20,Data,IPPROTO_UDP,0,,3.0
2377,26.096823673,4,N3S485,190.0.1.3,255.255.255.255,64,NetworkReceiveFromLower,0,485,20,Data,IPPROTO_UDP,192,,1.0
2387,26.116534502,4,N1S544,190.0.1.1,190.0.1.4,1052,NetworkReceiveFromLower,0,544,20,Data,IPPROTO_UDP,0,,3.0
2405,26.217358502,4,N1S546,190.0.1.1,190.0.1.4,1052,NetworkReceiveFromLower,0,546,20,Data,IPPROTO_UDP,0,,3.0
2415,26.317194502,4,N1S548,190.0.1.1,190.0.1.4,1052,NetworkReceiveFromLower,0,548,20,Data,IPPROTO_UDP,0,,3.0
2425,26.417614502,4,N1S550,190.0.1.1,190.0.1.4,1052,NetworkReceiveFromLower,0,550,20,Data,IPPROTO_UDP,0,,3.0
2435,26.517454502,4,N1S552,190.0.1.1,190.0.1.4,1052,NetworkReceiveFromLower,0,552,20,Data,IPPROTO_UDP,0,,3.0
2445,26.616914502,4,N1S554,190.0.1.1,190.0.1.4,1052,NetworkReceiveFromLower,0,554,20,Data,IPPROTO_UDP,0,,3.0
2455,26.716894502,4,N1S556,190.0.1.1,190.0.1.4,1052,NetworkReceiveFromLower,0,556,20,Data,IPPROTO_UDP,0,,3.0
2465,26.817034502,4,N1S558,190.0.1.1,190.0.1.4,1052,NetworkReceiveFromLower,0,558,20,Data,IPPROTO_UDP,0,,3.0
2475,26.917014502,4,N1S560,190.0.1.1,190.0.1.4,1052,NetworkReceiveFromLower,0,560,20,Data,IPPROTO_UDP,0,,3.0
2485,27.017254502,4,N1S562,190.0.1.1,190.0.1.4,1052,NetworkReceiveFromLower,0,562,20,Data,IPPROTO_UDP,0,,3.0
2495,27.117634502,4,N1S564,190.0.1.1,190.0.1.4,1052,NetworkReceiveFromLower,0,564,20,Data,IPPROTO_UDP,0,,3.0
2505,27.217494502,4,N1S566,190.0.1.1,190.0.1.4,1052,NetworkReceiveFromLower,0,566,20,Data,IPPROTO_UDP,0,,3.0
2515,27.317294502,4,N1S568,190.0.1.1,190.0.1.4,1052,NetworkReceiveFromLower,0,568,20,Data,IPPROTO_UDP,0,,3.0
2525,27.422911503,4,N1S570,190.0.1.1,190.0.1.4,1052,NetworkReceiveFromLower,0,570,20,Data,IPPROTO_UDP,0,,3.0
2535,27.517154502,4,N1S573,190.0.1.1,190.0.1.4,1052,NetworkReceiveFromLower,0,573,20,Data,IPPROTO_UDP,0,,3.0
2545,27.616814502,4,N1S575,190.0.1.1,190.0.1.4,1052,NetworkReceiveFromLower,0,575,20,Data,IPPROTO_UDP,0,,3.0
2555,27.716574502,4,N1S577,190.0.1.1,190.0.1.4,1052,NetworkReceiveFromLower,0,577,20,Data,IPPROTO_UDP,0,,3.0
2565,27.817114502,4,N1S579,190.0.1.1,190.0.1.4,1052,NetworkReceiveFromLower,0,579,20,Data,IPPROTO_UDP,0,,3.0
2575,27.917134502,4,N1S581,190.0.1.1,190.0.1.4,1052,NetworkReceiveFromLower,0,581,20,Data,IPPROTO_UDP,0,,3.0
2587,28.017554502,4,N1S583,190.0.1.1,190.0.1.4,1052,NetworkReceiveFromLower,0,583,20,Data,IPPROTO_UDP,0,,3.0
2597,28.056583739,4,N3S546,190.0.1.3,255.255.255.255,64,NetworkReceiveFromLower,0,546,20,Data,IPPROTO_UDP,192,,1.0
2611,28.117174502,4,N1S586,190.0.1.1,190.0.1.4,1052,NetworkReceiveFromLower,0,586,20,Data,IPPROTO_UDP,0,,3.0
2625,28.217314502,4,N1S588,190.0.1.1,190.0.1.4,1052,NetworkReceiveFromLower,0,588,20,Data,IPPROTO_UDP,0,,3.0
2635,28.317234502,4,N1S590,190.0.1.1,190.0.1.4,1052,NetworkReceiveFromLower,0,590,20,Data,IPPROTO_UDP,0,,3.0
2645,28.416574502,4,N1S592,190.0.1.1,190.0.1.4,1052,NetworkReceiveFromLower,0,592,20,Data,IPPROTO_UDP,0,,3.0
2655,28.517314502,4,N1S594,190.0.1.1,190.0.1.4,1052,NetworkReceiveFromLower,0,594,20,Data,IPPROTO_UDP,0,,3.0
2665,28.616874502,4,N1S596,190.0.1.1,190.0.1.4,1052,NetworkReceiveFromLower,0,596,20,Data,IPPROTO_UDP,0,,3.0
2675,28.717154502,4,N1S598,190.0.1.1,190.0.1.4,1052,NetworkReceiveFromLower,0,598,20,Data,IPPROTO_UDP,0,,3.0
2685,28.822711503,4,N1S600,190.0.1.1,190.0.1.4,1052,NetworkReceiveFromLower,0,600,20,Data,IPPROTO_UDP,0,,3.0
2695,28.917074502,4,N1S603,190.0.1.1,190.0.1.4,1052,NetworkReceiveFromLower,0,603,20,Data,IPPROTO_UDP,0,,3.0
2705,29.017714502,4,N1S605,190.0.1.1,190.0.1.4,1052,NetworkReceiveFromLower,0,605,20,Data,IPPROTO_UDP,0,,3.0
2715,29.116774502,4,N1S607,190.0.1.1,190.0.1.4,1052,NetworkReceiveFromLower,0,607,20,Data,IPPROTO_UDP,0,,3.0
2725,29.217214502,4,N1S609,190.0.1.1,190.0.1.4,1052,NetworkReceiveFromLower,0,609,20,Data,IPPROTO_UDP,0,,3.0
2735,29.316534502,4,N1S611,190.0.1.1,190.0.1.4,1052,NetworkReceiveFromLower,0,611,20,Data,IPPROTO_UDP,0,,3.0
2745,29.417294502,4,N1S613,190.0.1.1,190.0.1.4,1052,NetworkReceiveFromLower,0,613,20,Data,IPPROTO_UDP,0,,3.0
2755,29.517294502,4,N1S615,190.0.1.1,190.0.1.4,1052,NetworkReceiveFromLower,0,615,20,Data,IPPROTO_UDP,0,,3.0
2765,29.617234502,4,N1S617,190.0.1.1,190.0.1.4,1052,NetworkReceiveFromLower,0,617,20,Data,IPPROTO_UDP,0,,3.0
2775,29.717434502,4,N1S619,190.0.1.1,190.0.1.4,1052,NetworkReceiveFromLower,0,619,20,Data,IPPROTO_UDP,0,,3.0
2785,29.817838502,4,N1S621,190.0.1.1,190.0.1.4,1052,NetworkReceiveFromLower,0,621,20,Data,IPPROTO_UDP,0,,3.0
2795,29.917354502,4,N1S623,190.0.1.1,190.0.1.4,1052,NetworkReceiveFromLower,0,623,20,Data,IPPROTO_UDP,0,,3.0
2811,30.018364503,4,N1S625,190.0.1.1,190.0.1.4,1052,NetworkReceiveFromLower,0,625,20,Data,IPPROTO_UDP,0,,3.0
2823,30.080505092,4,N3S607,190.0.1.3,255.255.255.255,64,NetworkReceiveFromLower,0,607,20,Data,IPPROTO_UDP,192,,1.0
2833,30.117094502,4,N1S628,190.0.1.1,190.0.1.4,1052,NetworkReceiveFromLower,0,628,20,Data,IPPROTO_UDP,0,,3.0
2851,30.216994502,4,N1S630,190.0.1.1,190.0.1.4,1052,NetworkReceiveFromLower,0,630,20,Data,IPPROTO_UDP,0,,3.0
2861,30.317194502,4,N1S632,190.0.1.1,190.0.1.4,1052,NetworkReceiveFromLower,0,632,20,Data,IPPROTO_UDP,0,,3.0
2871,30.417114502,4,N1S634,190.0.1.1,190.0.1.4,1052,NetworkReceiveFromLower,0,634,20,Data,IPPROTO_UDP,0,,3.0
2877,30.454979394,4,N3S608,190.0.1.3,255.255.255.255,56,NetworkReceiveFromLower,0,608,20,Data,IPPROTO_UDP,192,,1.0
2883,30.498623836,4,N3S609,190.0.1.3,255.255.255.255,56,NetworkReceiveFromLower,0,609,20,Data,IPPROTO_UDP,192,,1.0
2893,30.516514502,4,N1S636,190.0.1.1,190.0.1.4,1052,NetworkReceiveFromLower,0,636,20,Data,IPPROTO_UDP,0,,3.0
2903,30.616874502,4,N1S638,190.0.1.1,190.0.1.4,1052,NetworkReceiveFromLower,0,638,20,Data,IPPROTO_UDP,0,,3.0
2919,30.716834502,4,N1S640,190.0.1.1,190.0.1.4,1052,NetworkReceiveFromLower,0,640,20,Data,IPPROTO_UDP,0,,3.0
2929,30.817354502,4,N1S642,190.0.1.1,190.0.1.4,1052,NetworkReceiveFromLower,0,642,20,Data,IPPROTO_UDP,0,,3.0
2939,30.917074502,4,N1S644,190.0.1.1,190.0.1.4,1052,NetworkReceiveFromLower,0,644,20,Data,IPPROTO_UDP,0,,3.0
2949,31.016754502,4,N1S646,190.0.1.1,190.0.1.4,1052,NetworkReceiveFromLower,0,646,20,Data,IPPROTO_UDP,0,,3.0
2959,31.116994502,4,N1S648,190.0.1.1,190.0.1.4,1052,NetworkReceiveFromLower,0,648,20,Data,IPPROTO_UDP,0,,3.0
2969,31.216634502,4,N1S650,190.0.1.1,190.0.1.4,1052,NetworkReceiveFromLower,0,650,20,Data,IPPROTO_UDP,0,,3.0
2979,31.316574502,4,N1S652,190.0.1.1,190.0.1.4,1052,NetworkReceiveFromLower,0,652,20,Data,IPPROTO_UDP,0,,3.0
2989,31.416714502,4,N1S654,190.0.1.1,190.0.1.4,1052,NetworkReceiveFromLower,0,654,20,Data,IPPROTO_UDP,0,,3.0
2999,31.517034502,4,N1S656,190.0.1.1,190.0.1.4,1052,NetworkReceiveFromLower,0,656,20,Data,IPPROTO_UDP,0,,3.0
3009,31.617414502,4,N1S658,190.0.1.1,190.0.1.4,1052,NetworkReceiveFromLower,0,658,20,Data,IPPROTO_UDP,0,,3.0
3019,31.717174502,4,N1S660,190.0.1.1,190.0.1.4,1052,NetworkReceiveFromLower,0,660,20,Data,IPPROTO_UDP,0,,3.0
3029,31.817254502,4,N1S662,190.0.1.1,190.0.1.4,1052,NetworkReceiveFromLower,0,662,20,Data,IPPROTO_UDP,0,,3.0
3039,31.917374502,4,N1S664,190.0.1.1,190.0.1.4,1052,NetworkReceiveFromLower,0,664,20,Data,IPPROTO_UDP,0,,3.0
3049,32.017154502,4,N1S666,190.0.1.1,190.0.1.4,1052,NetworkReceiveFromLower,0,666,20,Data,IPPROTO_UDP,0,,3.0
3065,32.088586713,4,N3S670,190.0.1.3,255.255.255.255,64,NetworkReceiveFromLower,0,670,20,Data,IPPROTO_UDP,192,,1.0
3075,32.116694502,4,N1S669,190.0.1.1,190.0.1.4,1052,NetworkReceiveFromLower,0,669,20,Data,IPPROTO_UDP,0,,3.0
3089,32.216754502,4,N1S671,190.0.1.1,190.0.1.4,1052,NetworkReceiveFromLower,0,671,20,Data,IPPROTO_UDP,0,,3.0
3099,32.317474502,4,N1S673,190.0.1.1,190.0.1.4,1052,NetworkReceiveFromLower,0,673,20,Data,IPPROTO_UDP,0,,3.0
3109,32.416954502,4,N1S675,190.0.1.1,190.0.1.4,1052,NetworkReceiveFromLower,0,675,20,Data,IPPROTO_UDP,0,,3.0
3119,32.517094502,4,N1S677,190.0.1.1,190.0.1.4,1052,NetworkReceiveFromLower,0,677,20,Data,IPPROTO_UDP,0,,3.0
3129,32.616514502,4,N1S679,190.0.1.1,190.0.1.4,1052,NetworkReceiveFromLower,0,679,20,Data,IPPROTO_UDP,0,,3.0
3139,32.723051503,4,N1S681,190.0.1.1,190.0.1.4,1052,NetworkReceiveFromLower,0,681,20,Data,IPPROTO_UDP,0,,3.0
3149,32.816694502,4,N1S684,190.0.1.1,190.0.1.4,1052,NetworkReceiveFromLower,0,684,20,Data,IPPROTO_UDP,0,,3.0
3159,32.917514502,4,N1S686,190.0.1.1,190.0.1.4,1052,NetworkReceiveFromLower,0,686,20,Data,IPPROTO_UDP,0,,3.0
3169,33.016894502,4,N1S688,190.0.1.1,190.0.1.4,1052,NetworkReceiveFromLower,0,688,20,Data,IPPROTO_UDP,0,,3.0
3179,33.117294502,4,N1S690,190.0.1.1,190.0.1.4,1052,NetworkReceiveFromLower,0,690,20,Data,IPPROTO_UDP,0,,3.0
3189,33.216554502,4,N1S692,190.0.1.1,190.0.1.4,1052,NetworkReceiveFromLower,0,692,20,Data,IPPROTO_UDP,0,,3.0
3199,33.316634502,4,N1S694,190.0.1.1,190.0.1.4,1052,NetworkReceiveFromLower,0,694,20,Data,IPPROTO_UDP,0,,3.0
3209,33.416974502,4,N1S696,190.0.1.1,190.0.1.4,1052,NetworkReceiveFromLower,0,696,20,Data,IPPROTO_UDP,0,,3.0
3219,33.517274502,4,N1S698,190.0.1.1,190.0.1.4,1052,NetworkReceiveFromLower,0,698,20,Data,IPPROTO_UDP,0,,3.0
3229,33.616614502,4,N1S700,190.0.1.1,190.0.1.4,1052,NetworkReceiveFromLower,0,700,20,Data,IPPROTO_UDP,0,,3.0
3239,33.717774502,4,N1S702,190.0.1.1,190.0.1.4,1052,NetworkReceiveFromLower,0,702,20,Data,IPPROTO_UDP,0,,3.0
3249,33.816994502,4,N1S704,190.0.1.1,190.0.1.4,1052,NetworkReceiveFromLower,0,704,20,Data,IPPROTO_UDP,0,,3.0
3259,33.917374502,4,N1S706,190.0.1.1,190.0.1.4,1052,NetworkReceiveFromLower,0,706,20,Data,IPPROTO_UDP,0,,3.0
3269,34.017574502,4,N1S708,190.0.1.1,190.0.1.4,1052,NetworkReceiveFromLower,0,708,20,Data,IPPROTO_UDP,0,,3.0
3297,34.117074502,4,N1S711,190.0.1.1,190.0.1.4,1052,NetworkReceiveFromLower,0,711,20,Data,IPPROTO_UDP,0,,3.0
3307,34.217574502,4,N1S713,190.0.1.1,190.0.1.4,1052,NetworkReceiveFromLower,0,713,20,Data,IPPROTO_UDP,0,,3.0
3317,34.316974502,4,N1S715,190.0.1.1,190.0.1.4,1052,NetworkReceiveFromLower,0,715,20,Data,IPPROTO_UDP,0,,3.0
3327,34.417074502,4,N1S717,190.0.1.1,190.0.1.4,1052,NetworkReceiveFromLower,0,717,20,Data,IPPROTO_UDP,0,,3.0
3337,34.517194502,4,N1S719,190.0.1.1,190.0.1.4,1052,NetworkReceiveFromLower,0,719,20,Data,IPPROTO_UDP,0,,3.0
3347,34.616954502,4,N1S721,190.0.1.1,190.0.1.4,1052,NetworkReceiveFromLower,0,721,20,Data,IPPROTO_UDP,0,,3.0
3357,34.717034502,4,N1S723,190.0.1.1,190.0.1.4,1052,NetworkReceiveFromLower,0,723,20,Data,IPPROTO_UDP,0,,3.0
3367,34.817234502,4,N1S725,190.0.1.1,190.0.1.4,1052,NetworkReceiveFromLower,0,725,20,Data,IPPROTO_UDP,0,,3.0
3377,34.917014502,4,N1S727,190.0.1.1,190.0.1.4,1052,NetworkReceiveFromLower,0,727,20,Data,IPPROTO_UDP,0,,3.0
3387,35.017234502,4,N1S729,190.0.1.1,190.0.1.4,1052,NetworkReceiveFromLower,0,729,20,Data,IPPROTO_UDP,0,,3.0
3397,35.116994502,4,N1S731,190.0.1.1,190.0.1.4,1052,NetworkReceiveFromLower,0,731,20,Data,IPPROTO_UDP,0,,3.0
3407,35.217594502,4,N1S733,190.0.1.1,190.0.1.4,1052,NetworkReceiveFromLower,0,733,20,Data,IPPROTO_UDP,0,,3.0
3413,35.22111701,4,N3S762,190.0.1.3,255.255.255.255,56,NetworkReceiveFromLower,0,762,20,Data,IPPROTO_UDP,192,,1.0
3423,35.316994502,4,N1S735,190.0.1.1,190.0.1.4,1052,NetworkReceiveFromLower,0,735,20,Data,IPPROTO_UDP,0,,3.0
3445,35.416854502,4,N1S737,190.0.1.1,190.0.1.4,1052,NetworkReceiveFromLower,0,737,20,Data,IPPROTO_UDP,0,,3.0
3455,35.516914502,4,N1S739,190.0.1.1,190.0.1.4,1052,NetworkReceiveFromLower,0,739,20,Data,IPPROTO_UDP,0,,3.0
3465,35.616594502,4,N1S741,190.0.1.1,190.0.1.4,1052,NetworkReceiveFromLower,0,741,20,Data,IPPROTO_UDP,0,,3.0
3475,35.716734502,4,N1S743,190.0.1.1,190.0.1.4,1052,NetworkReceiveFromLower,0,743,20,Data,IPPROTO_UDP,0,,3.0
3481,35.724355375,4,N3S772,190.0.1.3,255.255.255.255,56,NetworkReceiveFromLower,0,772,20,Data,IPPROTO_UDP,192,,1.0
3491,35.816954502,4,N1S745,190.0.1.1,190.0.1.4,1052,NetworkReceiveFromLower,0,745,20,Data,IPPROTO_UDP,0,,3.0
3501,35.923911503,4,N1S747,190.0.1.1,190.0.1.4,1052,NetworkReceiveFromLower,0,747,20,Data,IPPROTO_UDP,0,,3.0
3511,36.016794502,4,N1S750,190.0.1.1,190.0.1.4,1052,NetworkReceiveFromLower,0,750,20,Data,IPPROTO_UDP,0,,3.0
3535,36.123955503,4,N3S794,190.0.1.3,255.255.255.255,64,NetworkReceiveFromLower,0,794,20,Data,IPPROTO_UDP,192,,1.0
3537,36.129334504,4,N1S753,190.0.1.1,190.0.1.4,1052,NetworkReceiveFromLower,0,753,20,Data,IPPROTO_UDP,0,,3.0
3551,36.217334502,4,N1S756,190.0.1.1,190.0.1.4,1052,NetworkReceiveFromLower,0,756,20,Data,IPPROTO_UDP,0,,3.0
3561,36.323531503,4,N1S758,190.0.1.1,190.0.1.4,1052,NetworkReceiveFromLower,0,758,20,Data,IPPROTO_UDP,0,,3.0
3571,36.423871503,4,N1S761,190.0.1.1,190.0.1.4,1052,NetworkReceiveFromLower,0,761,20,Data,IPPROTO_UDP,0,,3.0
3581,36.517014502,4,N1S763,190.0.1.1,190.0.1.4,1052,NetworkReceiveFromLower,0,763,20,Data,IPPROTO_UDP,0,,3.0
3591,36.617818502,4,N1S765,190.0.1.1,190.0.1.4,1052,NetworkReceiveFromLower,0,765,20,Data,IPPROTO_UDP,0,,3.0
3601,36.716934502,4,N1S767,190.0.1.1,190.0.1.4,1052,NetworkReceiveFromLower,0,767,20,Data,IPPROTO_UDP,0,,3.0
3611,36.817314502,4,N1S769,190.0.1.1,190.0.1.4,1052,NetworkReceiveFromLower,0,769,20,Data,IPPROTO_UDP,0,,3.0
3621,36.917254502,4,N1S771,190.0.1.1,190.0.1.4,1052,NetworkReceiveFromLower,0,771,20,Data,IPPROTO_UDP,0,,3.0
3631,37.017334502,4,N1S773,190.0.1.1,190.0.1.4,1052,NetworkReceiveFromLower,0,773,20,Data,IPPROTO_UDP,0,,3.0
3641,37.117214502,4,N1S775,190.0.1.1,190.0.1.4,1052,NetworkReceiveFromLower,0,775,20,Data,IPPROTO_UDP,0,,3.0
3651,37.217654502,4,N1S777,190.0.1.1,190.0.1.4,1052,NetworkReceiveFromLower,0,777,20,Data,IPPROTO_UDP,0,,3.0
3661,37.317334502,4,N1S779,190.0.1.1,190.0.1.4,1052,NetworkReceiveFromLower,0,779,20,Data,IPPROTO_UDP,0,,3.0
3671,37.417354502,4,N1S781,190.0.1.1,190.0.1.4,1052,NetworkReceiveFromLower,0,781,20,Data,IPPROTO_UDP,0,,3.0
3681,37.517114502,4,N1S783,190.0.1.1,190.0.1.4,1052,NetworkReceiveFromLower,0,783,20,Data,IPPROTO_UDP,0,,3.0
3691,37.617154502,4,N1S785,190.0.1.1,190.0.1.4,1052,NetworkReceiveFromLower,0,785,20,Data,IPPROTO_UDP,0,,3.0
3701,37.717434502,4,N1S787,190.0.1.1,190.0.1.4,1052,NetworkReceiveFromLower,0,787,20,Data,IPPROTO_UDP,0,,3.0
3711,37.816514502,4,N1S789,190.0.1.1,190.0.1.4,1052,NetworkReceiveFromLower,0,789,20,Data,IPPROTO_UDP,0,,3.0
3721,37.916554502,4,N1S791,190.0.1.1,190.0.1.4,1052,NetworkReceiveFromLower,0,791,20,Data,IPPROTO_UDP,0,,3.0
3731,38.016934502,4,N1S793,190.0.1.1,190.0.1.4,1052,NetworkReceiveFromLower,0,793,20,Data,IPPROTO_UDP,0,,3.0
3743,38.063584993,4,N3S857,190.0.1.3,255.255.255.255,64,NetworkReceiveFromLower,0,857,20,Data,IPPROTO_UDP,192,,1.0
3757,38.117054502,4,N1S796,190.0.1.1,190.0.1.4,1052,NetworkReceiveFromLower,0,796,20,Data,IPPROTO_UDP,0,,3.0
3771,38.216814502,4,N1S798,190.0.1.1,190.0.1.4,1052,NetworkReceiveFromLower,0,798,20,Data,IPPROTO_UDP,0,,3.0
3781,38.317234502,4,N1S800,190.0.1.1,190.0.1.4,1052,NetworkReceiveFromLower,0,800,20,Data,IPPROTO_UDP,0,,3.0
3791,38.417134502,4,N1S802,190.0.1.1,190.0.1.4,1052,NetworkReceiveFromLower,0,802,20,Data,IPPROTO_UDP,0,,3.0
3801,38.517314502,4,N1S804,190.0.1.1,190.0.1.4,1052,NetworkReceiveFromLower,0,804,20,Data,IPPROTO_UDP,0,,3.0
3811,38.617034502,4,N1S806,190.0.1.1,190.0.1.4,1052,NetworkReceiveFromLower,0,806,20,Data,IPPROTO_UDP,0,,3.0
3821,38.717514502,4,N1S808,190.0.1.1,190.0.1.4,1052,NetworkReceiveFromLower,0,808,20,Data,IPPROTO_UDP,0,,3.0
3831,38.816974502,4,N1S810,190.0.1.1,190.0.1.4,1052,NetworkReceiveFromLower,0,810,20,Data,IPPROTO_UDP,0,,3.0
3841,38.917614502,4,N1S812,190.0.1.1,190.0.1.4,1052,NetworkReceiveFromLower,0,812,20,Data,IPPROTO_UDP,0,,3.0
3851,39.017274502,4,N1S814,190.0.1.1,190.0.1.4,1052,NetworkReceiveFromLower,0,814,20,Data,IPPROTO_UDP,0,,3.0
3861,39.116894502,4,N1S816,190.0.1.1,190.0.1.4,1052,NetworkReceiveFromLower,0,816,20,Data,IPPROTO_UDP,0,,3.0
3871,39.216974502,4,N1S818,190.0.1.1,190.0.1.4,1052,NetworkReceiveFromLower,0,818,20,Data,IPPROTO_UDP,0,,3.0
3881,39.317394502,4,N1S820,190.0.1.1,190.0.1.4,1052,NetworkReceiveFromLower,0,820,20,Data,IPPROTO_UDP,0,,3.0
3891,39.416954502,4,N1S822,190.0.1.1,190.0.1.4,1052,NetworkReceiveFromLower,0,822,20,Data,IPPROTO_UDP,0,,3.0
3901,39.517014502,4,N1S824,190.0.1.1,190.0.1.4,1052,NetworkReceiveFromLower,0,824,20,Data,IPPROTO_UDP,0,,3.0
3911,39.617214502,4,N1S826,190.0.1.1,190.0.1.4,1052,NetworkReceiveFromLower,0,826,20,Data,IPPROTO_UDP,0,,3.0
3921,39.716654502,4,N1S828,190.0.1.1,190.0.1.4,1052,NetworkReceiveFromLower,0,828,20,Data,IPPROTO_UDP,0,,3.0
3931,39.817334502,4,N1S830,190.0.1.1,190.0.1.4,1052,NetworkReceiveFromLower,0,830,20,Data,IPPROTO_UDP,0,,3.0
3941,39.917034502,4,N1S832,190.0.1.1,190.0.1.4,1052,NetworkReceiveFromLower,0,832,20,Data,IPPROTO_UDP,0,,3.0
3957,40.023616503,4,N1S834,190.0.1.1,190.0.1.4,1052,NetworkReceiveFromLower,0,834,20,Data,IPPROTO_UDP,0,,3.0
3963,40.082240394,4,N3S919,190.0.1.3,255.255.255.255,64,NetworkReceiveFromLower,0,919,20,Data,IPPROTO_UDP,192,,1.0
3979,40.117154502,4,N1S837,190.0.1.1,190.0.1.4,1052,NetworkReceiveFromLower,0,837,20,Data,IPPROTO_UDP,0,,3.0
3985,40.187473128,4,N3S920,190.0.1.3,255.255.255.255,56,NetworkReceiveFromLower,0,920,20,Data,IPPROTO_UDP,192,,1.0
3995,40.216974502,4,N1S839,190.0.1.1,190.0.1.4,1052,NetworkReceiveFromLower,0,839,20,Data,IPPROTO_UDP,0,,3.0
4011,40.317767502,4,N1S841,190.0.1.1,190.0.1.4,1052,NetworkReceiveFromLower,0,841,20,Data,IPPROTO_UDP,0,,3.0
4021,40.422971503,4,N1S843,190.0.1.1,190.0.1.4,1052,NetworkReceiveFromLower,0,843,20,Data,IPPROTO_UDP,0,,3.0
4037,40.517034502,4,N1S846,190.0.1.1,190.0.1.4,1052,NetworkReceiveFromLower,0,846,20,Data,IPPROTO_UDP,0,,3.0
4047,40.617394502,4,N1S848,190.0.1.1,190.0.1.4,1052,NetworkReceiveFromLower,0,848,20,Data,IPPROTO_UDP,0,,3.0
4058,40.717334502,4,N1S850,190.0.1.1,190.0.1.4,1052,NetworkReceiveFromLower,0,850,20,Data,IPPROTO_UDP,0,,3.0
4063,40.718171502,4,N3S929,190.0.1.3,255.255.255.255,56,NetworkReceiveFromLower,0,929,20,Data,IPPROTO_UDP,192,,1.0
4073,40.817054502,4,N1S852,190.0.1.1,190.0.1.4,1052,NetworkReceiveFromLower,0,852,20,Data,IPPROTO_UDP,0,,3.0
4083,40.917734502,4,N1S854,190.0.1.1,190.0.1.4,1052,NetworkReceiveFromLower,0,854,20,Data,IPPROTO_UDP,0,,3.0
4093,41.016594502,4,N1S856,190.0.1.1,190.0.1.4,1052,NetworkReceiveFromLower,0,856,20,Data,IPPROTO_UDP,0,,3.0
4103,41.117154502,4,N1S858,190.0.1.1,190.0.1.4,1052,NetworkReceiveFromLower,0,858,20,Data,IPPROTO_UDP,0,,3.0
4113,41.217778502,4,N1S860,190.0.1.1,190.0.1.4,1052,NetworkReceiveFromLower,0,860,20,Data,IPPROTO_UDP,0,,3.0
4123,41.317194502,4,N1S862,190.0.1.1,190.0.1.4,1052,NetworkReceiveFromLower,0,862,20,Data,IPPROTO_UDP,0,,3.0
4133,41.417154502,4,N1S864,190.0.1.1,190.0.1.4,1052,NetworkReceiveFromLower,0,864,20,Data,IPPROTO_UDP,0,,3.0
4143,41.516914502,4,N1S866,190.0.1.1,190.0.1.4,1052,NetworkReceiveFromLower,0,866,20,Data,IPPROTO_UDP,0,,3.0
4153,41.616794502,4,N1S868,190.0.1.1,190.0.1.4,1052,NetworkReceiveFromLower,0,868,20,Data,IPPROTO_UDP,0,,3.0
4163,41.717338502,4,N1S870,190.0.1.1,190.0.1.4,1052,NetworkReceiveFromLower,0,870,20,Data,IPPROTO_UDP,0,,3.0
4173,41.822611503,4,N1S872,190.0.1.1,190.0.1.4,1052,NetworkReceiveFromLower,0,872,20,Data,IPPROTO_UDP,0,,3.0
4183,41.917014502,4,N1S875,190.0.1.1,190.0.1.4,1052,NetworkReceiveFromLower,0,875,20,Data,IPPROTO_UDP,0,,3.0
4193,42.017194502,4,N1S877,190.0.1.1,190.0.1.4,1052,NetworkReceiveFromLower,0,877,20,Data,IPPROTO_UDP,0,,3.0
4205,42.089950896,4,N3S982,190.0.1.3,255.255.255.255,64,NetworkReceiveFromLower,0,982,20,Data,IPPROTO_UDP,192,,1.0
4215,42.117494502,4,N1S880,190.0.1.1,190.0.1.4,1052,NetworkReceiveFromLower,0,880,20,Data,IPPROTO_UDP,0,,3.0
4233,42.217034502,4,N1S882,190.0.1.1,190.0.1.4,1052,NetworkReceiveFromLower,0,882,20,Data,IPPROTO_UDP,0,,3.0
4243,42.317194502,4,N1S884,190.0.1.1,190.0.1.4,1052,NetworkReceiveFromLower,0,884,20,Data,IPPROTO_UDP,0,,3.0
4253,42.417594502,4,N1S886,190.0.1.1,190.0.1.4,1052,NetworkReceiveFromLower,0,886,20,Data,IPPROTO_UDP,0,,3.0
4263,42.517094502,4,N1S888,190.0.1.1,190.0.1.4,1052,NetworkReceiveFromLower,0,888,20,Data,IPPROTO_UDP,0,,3.0
4273,42.616814502,4,N1S890,190.0.1.1,190.0.1.4,1052,NetworkReceiveFromLower,0,890,20,Data,IPPROTO_UDP,0,,3.0
4283,42.716614502,4,N1S892,190.0.1.1,190.0.1.4,1052,NetworkReceiveFromLower,0,892,20,Data,IPPROTO_UDP,0,,3.0
4293,42.817074502,4,N1S894,190.0.1.1,190.0.1.4,1052,NetworkReceiveFromLower,0,894,20,Data,IPPROTO_UDP,0,,3.0
4303,42.917014502,4,N1S896,190.0.1.1,190.0.1.4,1052,NetworkReceiveFromLower,0,896,20,Data,IPPROTO_UDP,0,,3.0
4313,43.016874502,4,N1S898,190.0.1.1,190.0.1.4,1052,NetworkReceiveFromLower,0,898,20,Data,IPPROTO_UDP,0,,3.0
4323,43.123771503,4,N1S900,190.0.1.1,190.0.1.4,1052,NetworkReceiveFromLower,0,900,20,Data,IPPROTO_UDP,0,,3.0
4333,43.217074502,4,N1S903,190.0.1.1,190.0.1.4,1052,NetworkReceiveFromLower,0,903,20,Data,IPPROTO_UDP,0,,3.0
4343,43.317334502,4,N1S905,190.0.1.1,190.0.1.4,1052,NetworkReceiveFromLower,0,905,20,Data,IPPROTO_UDP,0,,3.0
4353,43.417658502,4,N1S907,190.0.1.1,190.0.1.4,1052,NetworkReceiveFromLower,0,907,20,Data,IPPROTO_UDP,0,,3.0
4363,43.517414502,4,N1S909,190.0.1.1,190.0.1.4,1052,NetworkReceiveFromLower,0,909,20,Data,IPPROTO_UDP,0,,3.0
4373,43.617014502,4,N1S911,190.0.1.1,190.0.1.4,1052,NetworkReceiveFromLower,0,911,20,Data,IPPROTO_UDP,0,,3.0
4383,43.717614502,4,N1S913,190.0.1.1,190.0.1.4,1052,NetworkReceiveFromLower,0,913,20,Data,IPPROTO_UDP,0,,3.0
4393,43.817194502,4,N1S915,190.0.1.1,190.0.1.4,1052,NetworkReceiveFromLower,0,915,20,Data,IPPROTO_UDP,0,,3.0
4403,43.917414502,4,N1S917,190.0.1.1,190.0.1.4,1052,NetworkReceiveFromLower,0,917,20,Data,IPPROTO_UDP,0,,3.0
4413,44.017074502,4,N1S919,190.0.1.1,190.0.1.4,1052,NetworkReceiveFromLower,0,919,20,Data,IPPROTO_UDP,0,,3.0
4429,44.089060901,4,N3S1043,190.0.1.3,255.255.255.255,64,NetworkReceiveFromLower,0,1043,20,Data,IPPROTO_UDP,192,,1.0
4441,44.116834502,4,N1S922,190.0.1.1,190.0.1.4,1052,NetworkReceiveFromLower,0,922,20,Data,IPPROTO_UDP,0,,3.0
4451,44.217774502,4,N1S924,190.0.1.1,190.0.1.4,1052,NetworkReceiveFromLower,0,924,20,Data,IPPROTO_UDP,0,,3.0
4461,44.317674502,4,N1S926,190.0.1.1,190.0.1.4,1052,NetworkReceiveFromLower,0,926,20,Data,IPPROTO_UDP,0,,3.0
4471,44.417354502,4,N1S928,190.0.1.1,190.0.1.4,1052,NetworkReceiveFromLower,0,928,20,Data,IPPROTO_UDP,0,,3.0
4481,44.517294502,4,N1S930,190.0.1.1,190.0.1.4,1052,NetworkReceiveFromLower,0,930,20,Data,IPPROTO_UDP,0,,3.0
4491,44.616674502,4,N1S932,190.0.1.1,190.0.1.4,1052,NetworkReceiveFromLower,0,932,20,Data,IPPROTO_UDP,0,,3.0
4501,44.717294502,4,N1S934,190.0.1.1,190.0.1.4,1052,NetworkReceiveFromLower,0,934,20,Data,IPPROTO_UDP,0,,3.0
4511,44.817094502,4,N1S936,190.0.1.1,190.0.1.4,1052,NetworkReceiveFromLower,0,936,20,Data,IPPROTO_UDP,0,,3.0
4521,44.917394502,4,N1S938,190.0.1.1,190.0.1.4,1052,NetworkReceiveFromLower,0,938,20,Data,IPPROTO_UDP,0,,3.0
4531,45.016834502,4,N1S940,190.0.1.1,190.0.1.4,1052,NetworkReceiveFromLower,0,940,20,Data,IPPROTO_UDP,0,,3.0
4541,45.117114502,4,N1S942,190.0.1.1,190.0.1.4,1052,NetworkReceiveFromLower,0,942,20,Data,IPPROTO_UDP,0,,3.0
4551,45.217374502,4,N1S944,190.0.1.1,190.0.1.4,1052,NetworkReceiveFromLower,0,944,20,Data,IPPROTO_UDP,0,,3.0
4561,45.316654502,4,N1S946,190.0.1.1,190.0.1.4,1052,NetworkReceiveFromLower,0,946,20,Data,IPPROTO_UDP,0,,3.0
4573,45.392798684,4,N3S1074,190.0.1.3,255.255.255.255,56,NetworkReceiveFromLower,0,1074,20,Data,IPPROTO_UDP,192,,1.0
4583,45.416814502,4,N1S948,190.0.1.1,190.0.1.4,1052,NetworkReceiveFromLower,0,948,20,Data,IPPROTO_UDP,0,,3.0
4593,45.521911503,4,N1S950,190.0.1.1,190.0.1.4,1052,NetworkReceiveFromLower,0,950,20,Data,IPPROTO_UDP,0,,3.0
4603,45.617234502,4,N1S952,190.0.1.1,190.0.1.4,1052,NetworkReceiveFromLower,0,952,20,Data,IPPROTO_UDP,0,,3.0
4613,45.717414502,4,N1S954,190.0.1.1,190.0.1.4,1052,NetworkReceiveFromLower,0,954,20,Data,IPPROTO_UDP,0,,3.0
4619,45.72682247,4,N3S1084,190.0.1.3,255.255.255.255,56,NetworkReceiveFromLower,0,1084,20,Data,IPPROTO_UDP,192,,1.0
4629,45.817154502,4,N1S956,190.0.1.1,190.0.1.4,1052,NetworkReceiveFromLower,0,956,20,Data,IPPROTO_UDP,0,,3.0
4645,45.917114502,4,N1S958,190.0.1.1,190.0.1.4,1052,NetworkReceiveFromLower,0,958,20,Data,IPPROTO_UDP,0,,3.0
4655,46.016814502,4,N1S960,190.0.1.1,190.0.1.4,1052,NetworkReceiveFromLower,0,960,20,Data,IPPROTO_UDP,0,,3.0
4671,46.124471503,4,N1S963,190.0.1.1,190.0.1.4,1052,NetworkReceiveFromLower,0,963,20,Data,IPPROTO_UDP,0,,3.0
4685,46.147490474,4,N3S1107,190.0.1.3,255.255.255.255,64,NetworkReceiveFromLower,0,1107,20,Data,IPPROTO_UDP,192,,1.0
4695,46.223235503,4,N1S966,190.0.1.1,190.0.1.4,1052,NetworkReceiveFromLower,0,966,20,Data,IPPROTO_UDP,0,,3.0
4705,46.317134502,4,N1S968,190.0.1.1,190.0.1.4,1052,NetworkReceiveFromLower,0,968,20,Data,IPPROTO_UDP,0,,3.0
4715,46.416794502,4,N1S970,190.0.1.1,190.0.1.4,1052,NetworkReceiveFromLower,0,970,20,Data,IPPROTO_UDP,0,,3.0
4725,46.517214502,4,N1S972,190.0.1.1,190.0.1.4,1052,NetworkReceiveFromLower,0,972,20,Data,IPPROTO_UDP,0,,3.0
4735,46.616814502,4,N1S974,190.0.1.1,190.0.1.4,1052,NetworkReceiveFromLower,0,974,20,Data,IPPROTO_UDP,0,,3.0
4745,46.729108504,4,N1S976,190.0.1.1,190.0.1.4,1052,NetworkReceiveFromLower,0,976,20,Data,IPPROTO_UDP,0,,3.0
4755,46.817274502,4,N1S978,190.0.1.1,190.0.1.4,1052,NetworkReceiveFromLower,0,978,20,Data,IPPROTO_UDP,0,,3.0
4765,46.928908504,4,N1S980,190.0.1.1,190.0.1.4,1052,NetworkReceiveFromLower,0,980,20,Data,IPPROTO_UDP,0,,3.0
4775,47.016898502,4,N1S983,190.0.1.1,190.0.1.4,1052,NetworkReceiveFromLower,0,983,20,Data,IPPROTO_UDP,0,,3.0
4785,47.116674502,4,N1S985,190.0.1.1,190.0.1.4,1052,NetworkReceiveFromLower,0,985,20,Data,IPPROTO_UDP,0,,3.0
4795,47.216614502,4,N1S987,190.0.1.1,190.0.1.4,1052,NetworkReceiveFromLower,0,987,20,Data,IPPROTO_UDP,0,,3.0
4805,47.317254502,4,N1S989,190.0.1.1,190.0.1.4,1052,NetworkReceiveFromLower,0,989,20,Data,IPPROTO_UDP,0,,3.0
4815,47.417094502,4,N1S991,190.0.1.1,190.0.1.4,1052,NetworkReceiveFromLower,0,991,20,Data,IPPROTO_UDP,0,,3.0
4825,47.517314502,4,N1S993,190.0.1.1,190.0.1.4,1052,NetworkReceiveFromLower,0,993,20,Data,IPPROTO_UDP,0,,3.0
4835,47.623411503,4,N1S995,190.0.1.1,190.0.1.4,1052,NetworkReceiveFromLower,0,995,20,Data,IPPROTO_UDP,0,,3.0
4845,47.717454502,4,N1S997,190.0.1.1,190.0.1.4,1052,NetworkReceiveFromLower,0,997,20,Data,IPPROTO_UDP,0,,3.0
4855,47.816714502,4,N1S999,190.0.1.1,190.0.1.4,1052,NetworkReceiveFromLower,0,999,20,Data,IPPROTO_UDP,0,,3.0
4865,47.917854502,4,N1S1001,190.0.1.1,190.0.1.4,1052,NetworkReceiveFromLower,0,1001,20,Data,IPPROTO_UDP,0,,3.0
4875,48.017254502,4,N1S1003,190.0.1.1,190.0.1.4,1052,NetworkReceiveFromLower,0,1003,20,Data,IPPROTO_UDP,0,,3.0
4887,48.077301756,4,N3S1173,190.0.1.3,255.255.255.255,64,NetworkReceiveFromLower,0,1173,20,Data,IPPROTO_UDP,192,,1.0
4897,48.117014502,4,N1S1006,190.0.1.1,190.0.1.4,1052,NetworkReceiveFromLower,0,1006,20,Data,IPPROTO_UDP,0,,3.0
4915,48.216794502,4,N1S1008,190.0.1.1,190.0.1.4,1052,NetworkReceiveFromLower,0,1008,20,Data,IPPROTO_UDP,0,,3.0
4925,48.317634502,4,N1S1010,190.0.1.1,190.0.1.4,1052,NetworkReceiveFromLower,0,1010,20,Data,IPPROTO_UDP,0,,3.0
4935,48.417334502,4,N1S1012,190.0.1.1,190.0.1.4,1052,NetworkReceiveFromLower,0,1012,20,Data,IPPROTO_UDP,0,,3.0
4945,48.516794502,4,N1S1014,190.0.1.1,190.0.1.4,1052,NetworkReceiveFromLower,0,1014,20,Data,IPPROTO_UDP,0,,3.0
4955,48.616974502,4,N1S1016,190.0.1.1,190.0.1.4,1052,NetworkReceiveFromLower,0,1016,20,Data,IPPROTO_UDP,0,,3.0
4965,48.716894502,4,N1S1018,190.0.1.1,190.0.1.4,1052,NetworkReceiveFromLower,0,1018,20,Data,IPPROTO_UDP,0,,3.0
4975,48.817574502,4,N1S1020,190.0.1.1,190.0.1.4,1052,NetworkReceiveFromLower,0,1020,20,Data,IPPROTO_UDP,0,,3.0
4985,48.917134502,4,N1S1022,190.0.1.1,190.0.1.4,1052,NetworkReceiveFromLower,0,1022,20,Data,IPPROTO_UDP,0,,3.0
4995,49.016354502,4,N1S1024,190.0.1.1,190.0.1.4,1052,NetworkReceiveFromLower,0,1024,20,Data,IPPROTO_UDP,0,,3.0
5005,49.117094502,4,N1S1026,190.0.1.1,190.0.1.4,1052,NetworkReceiveFromLower,0,1026,20,Data,IPPROTO_UDP,0,,3.0
5015,49.216894502,4,N1S1028,190.0.1.1,190.0.1.4,1052,NetworkReceiveFromLower,0,1028,20,Data,IPPROTO_UDP,0,,3.0
5025,49.317654502,4,N1S1030,190.0.1.1,190.0.1.4,1052,NetworkReceiveFromLower,0,1030,20,Data,IPPROTO_UDP,0,,3.0
5035,49.417914502,4,N1S1032,190.0.1.1,190.0.1.4,1052,NetworkReceiveFromLower,0,1032,20,Data,IPPROTO_UDP,0,,3.0
5045,49.517054502,4,N1S1034,190.0.1.1,190.0.1.4,1052,NetworkReceiveFromLower,0,1034,20,Data,IPPROTO_UDP,0,,3.0
5055,49.617474502,4,N1S1036,190.0.1.1,190.0.1.4,1052,NetworkReceiveFromLower,0,1036,20,Data,IPPROTO_UDP,0,,3.0
5065,49.717094502,4,N1S1038,190.0.1.1,190.0.1.4,1052,NetworkReceiveFromLower,0,1038,20,Data,IPPROTO_UDP,0,,3.0
5075,49.817738502,4,N1S1040,190.0.1.1,190.0.1.4,1052,NetworkReceiveFromLower,0,1040,20,Data,IPPROTO_UDP,0,,3.0
5085,49.917874502,4,N1S1042,190.0.1.1,190.0.1.4,1052,NetworkReceiveFromLower,0,1042,20,Data,IPPROTO_UDP,0,,3.0
5095,50.017534502,4,N1S1044,190.0.1.1,190.0.1.4,1052,NetworkReceiveFromLower,0,1044,20,Data,IPPROTO_UDP,0,,3.0
5101,50.057245411,4,N3S1236,190.0.1.3,255.255.255.255,56,NetworkReceiveFromLower,0,1236,20,Data,IPPROTO_UDP,192,,1.0
5117,50.117134502,4,N1S1047,190.0.1.1,190.0.1.4,1052,NetworkReceiveFromLower,0,1047,20,Data,IPPROTO_UDP,0,,3.0
5127,50.145289474,4,N3S1235,190.0.1.3,255.255.255.255,64,NetworkReceiveFromLower,0,1235,20,Data,IPPROTO_UDP,192,,1.0
5147,50.217834502,4,N1S1049,190.0.1.1,190.0.1.4,1052,NetworkReceiveFromLower,0,1049,20,Data,IPPROTO_UDP,0,,3.0
5157,50.317134502,4,N1S1051,190.0.1.1,190.0.1.4,1052,NetworkReceiveFromLower,0,1051,20,Data,IPPROTO_UDP,0,,3.0
5173,50.416734502,4,N1S1053,190.0.1.1,190.0.1.4,1052,NetworkReceiveFromLower,0,1053,20,Data,IPPROTO_UDP,0,,3.0
5183,50.517774502,4,N1S1055,190.0.1.1,190.0.1.4,1052,NetworkReceiveFromLower,0,1055,20,Data,IPPROTO_UDP,0,,3.0
5189,50.521961411,4,N3S1240,190.0.1.3,255.255.255.255,56,NetworkReceiveFromLower,0,1240,20,Data,IPPROTO_UDP,192,,1.0
5199,50.623111503,4,N1S1057,190.0.1.1,190.0.1.4,1052,NetworkReceiveFromLower,0,1057,20,Data,IPPROTO_UDP,0,,3.0
5209,50.716974502,4,N1S1059,190.0.1.1,190.0.1.4,1052,NetworkReceiveFromLower,0,1059,20,Data,IPPROTO_UDP,0,,3.0
5219,50.828748504,4,N1S1061,190.0.1.1,190.0.1.4,1052,NetworkReceiveFromLower,0,1061,20,Data,IPPROTO_UDP,0,,3.0
5229,50.917394502,4,N1S1064,190.0.1.1,190.0.1.4,1052,NetworkReceiveFromLower,0,1064,20,Data,IPPROTO_UDP,0,,3.0
5239,51.017654502,4,N1S1066,190.0.1.1,190.0.1.4,1052,NetworkReceiveFromLower,0,1066,20,Data,IPPROTO_UDP,0,,3.0
5249,51.117394502,4,N1S1068,190.0.1.1,190.0.1.4,1052,NetworkReceiveFromLower,0,1068,20,Data,IPPROTO_UDP,0,,3.0
5259,51.217054502,4,N1S1070,190.0.1.1,190.0.1.4,1052,NetworkReceiveFromLower,0,1070,20,Data,IPPROTO_UDP,0,,3.0
5269,51.316674502,4,N1S1072,190.0.1.1,190.0.1.4,1052,NetworkReceiveFromLower,0,1072,20,Data,IPPROTO_UDP,0,,3.0
5279,51.417174502,4,N1S1074,190.0.1.1,190.0.1.4,1052,NetworkReceiveFromLower,0,1074,20,Data,IPPROTO_UDP,0,,3.0
5289,51.517194502,4,N1S1076,190.0.1.1,190.0.1.4,1052,NetworkReceiveFromLower,0,1076,20,Data,IPPROTO_UDP,0,,3.0
5299,51.617514502,4,N1S1078,190.0.1.1,190.0.1.4,1052,NetworkReceiveFromLower,0,1078,20,Data,IPPROTO_UDP,0,,3.0
5309,51.717118502,4,N1S1080,190.0.1.1,190.0.1.4,1052,NetworkReceiveFromLower,0,1080,20,Data,IPPROTO_UDP,0,,3.0
5319,51.817114502,4,N1S1082,190.0.1.1,190.0.1.4,1052,NetworkReceiveFromLower,0,1082,20,Data,IPPROTO_UDP,0,,3.0
5329,51.916834502,4,N1S1084,190.0.1.1,190.0.1.4,1052,NetworkReceiveFromLower,0,1084,20,Data,IPPROTO_UDP,0,,3.0
5339,52.017414502,4,N1S1086,190.0.1.1,190.0.1.4,1052,NetworkReceiveFromLower,0,1086,20,Data,IPPROTO_UDP,0,,3.0
5363,52.129508504,4,N1S1089,190.0.1.1,190.0.1.4,1052,NetworkReceiveFromLower,0,1089,20,Data,IPPROTO_UDP,0,,3.0
5369,52.139283608,4,N3S1300,190.0.1.3,255.255.255.255,64,NetworkReceiveFromLower,0,1300,20,Data,IPPROTO_UDP,192,,1.0
5379,52.216914502,4,N1S1092,190.0.1.1,190.0.1.4,1052,NetworkReceiveFromLower,0,1092,20,Data,IPPROTO_UDP,0,,3.0
5389,52.317154502,4,N1S1094,190.0.1.1,190.0.1.4,1052,NetworkReceiveFromLower,0,1094,20,Data,IPPROTO_UDP,0,,3.0
5399,52.417154502,4,N1S1096,190.0.1.1,190.0.1.4,1052,NetworkReceiveFromLower,0,1096,20,Data,IPPROTO_UDP,0,,3.0
5409,52.516514502,4,N1S1098,190.0.1.1,190.0.1.4,1052,NetworkReceiveFromLower,0,1098,20,Data,IPPROTO_UDP,0,,3.0
5419,52.616974502,4,N1S1100,190.0.1.1,190.0.1.4,1052,NetworkReceiveFromLower,0,1100,20,Data,IPPROTO_UDP,0,,3.0
5429,52.717394502,4,N1S1102,190.0.1.1,190.0.1.4,1052,NetworkReceiveFromLower,0,1102,20,Data,IPPROTO_UDP,0,,3.0
5439,52.816414502,4,N1S1104,190.0.1.1,190.0.1.4,1052,NetworkReceiveFromLower,0,1104,20,Data,IPPROTO_UDP,0,,3.0
5449,52.917334502,4,N1S1106,190.0.1.1,190.0.1.4,1052,NetworkReceiveFromLower,0,1106,20,Data,IPPROTO_UDP,0,,3.0
5459,53.017334502,4,N1S1108,190.0.1.1,190.0.1.4,1052,NetworkReceiveFromLower,0,1108,20,Data,IPPROTO_UDP,0,,3.0
5469,53.116874502,4,N1S1110,190.0.1.1,190.0.1.4,1052,NetworkReceiveFromLower,0,1110,20,Data,IPPROTO_UDP,0,,3.0
5479,53.217074502,4,N1S1112,190.0.1.1,190.0.1.4,1052,NetworkReceiveFromLower,0,1112,20,Data,IPPROTO_UDP,0,,3.0
5489,53.324451503,4,N1S1114,190.0.1.1,190.0.1.4,1052,NetworkReceiveFromLower,0,1114,20,Data,IPPROTO_UDP,0,,3.0
5499,53.422891503,4,N1S1117,190.0.1.1,190.0.1.4,1052,NetworkReceiveFromLower,0,1117,20,Data,IPPROTO_UDP,0,,3.0
5509,53.517454502,4,N1S1119,190.0.1.1,190.0.1.4,1052,NetworkReceiveFromLower,0,1119,20,Data,IPPROTO_UDP,0,,3.0
5519,53.617534502,4,N1S1121,190.0.1.1,190.0.1.4,1052,NetworkReceiveFromLower,0,1121,20,Data,IPPROTO_UDP,0,,3.0
5529,53.716854502,4,N1S1123,190.0.1.1,190.0.1.4,1052,NetworkReceiveFromLower,0,1123,20,Data,IPPROTO_UDP,0,,3.0
5539,53.817394502,4,N1S1125,190.0.1.1,190.0.1.4,1052,NetworkReceiveFromLower,0,1125,20,Data,IPPROTO_UDP,0,,3.0
5549,53.916894502,4,N1S1127,190.0.1.1,190.0.1.4,1052,NetworkReceiveFromLower,0,1127,20,Data,IPPROTO_UDP,0,,3.0
5559,54.017054502,4,N1S1129,190.0.1.1,190.0.1.4,1052,NetworkReceiveFromLower,0,1129,20,Data,IPPROTO_UDP,0,,3.0
5565,54.07184722,4,N3S1363,190.0.1.3,255.255.255.255,64,NetworkReceiveFromLower,0,1363,20,Data,IPPROTO_UDP,192,,1.0
5581,54.117514502,4,N1S1132,190.0.1.1,190.0.1.4,1052,NetworkReceiveFromLower,0,1132,20,Data,IPPROTO_UDP,0,,3.0
5599,54.217334502,4,N1S1134,190.0.1.1,190.0.1.4,1052,NetworkReceiveFromLower,0,1134,20,Data,IPPROTO_UDP,0,,3.0
5609,54.317034502,4,N1S1136,190.0.1.1,190.0.1.4,1052,NetworkReceiveFromLower,0,1136,20,Data,IPPROTO_UDP,0,,3.0
5619,54.416914502,4,N1S1138,190.0.1.1,190.0.1.4,1052,NetworkReceiveFromLower,0,1138,20,Data,IPPROTO_UDP,0,,3.0
5629,54.516914502,4,N1S1140,190.0.1.1,190.0.1.4,1052,NetworkReceiveFromLower,0,1140,20,Data,IPPROTO_UDP,0,,3.0
5639,54.617014502,4,N1S1142,190.0.1.1,190.0.1.4,1052,NetworkReceiveFromLower,0,1142,20,Data,IPPROTO_UDP,0,,3.0
5649,54.723791503,4,N1S1144,190.0.1.1,190.0.1.4,1052,NetworkReceiveFromLower,0,1144,20,Data,IPPROTO_UDP,0,,3.0
5659,54.817274502,4,N1S1146,190.0.1.1,190.0.1.4,1052,NetworkReceiveFromLower,0,1146,20,Data,IPPROTO_UDP,0,,3.0
5669,54.917114502,4,N1S1148,190.0.1.1,190.0.1.4,1052,NetworkReceiveFromLower,0,1148,20,Data,IPPROTO_UDP,0,,3.0
5679,55.017394502,4,N1S1150,190.0.1.1,190.0.1.4,1052,NetworkReceiveFromLower,0,1150,20,Data,IPPROTO_UDP,0,,3.0
5695,55.117074502,4,N1S1152,190.0.1.1,190.0.1.4,1052,NetworkReceiveFromLower,0,1152,20,Data,IPPROTO_UDP,0,,3.0
5705,55.216734502,4,N1S1154,190.0.1.1,190.0.1.4,1052,NetworkReceiveFromLower,0,1154,20,Data,IPPROTO_UDP,0,,3.0
5716,55.306979088,4,N3S1395,190.0.1.3,255.255.255.255,56,NetworkReceiveFromLower,0,1395,20,Data,IPPROTO_UDP,192,,1.0
5721,55.317907502,4,N1S1156,190.0.1.1,190.0.1.4,1052,NetworkReceiveFromLower,0,1156,20,Data,IPPROTO_UDP,0,,3.0
5735,55.412513502,4,N3S1396,190.0.1.3,255.255.255.255,56,NetworkReceiveFromLower,0,1396,20,Data,IPPROTO_UDP,192,,1.0
5737,55.418232503,4,N1S1158,190.0.1.1,190.0.1.4,1052,NetworkReceiveFromLower,0,1158,20,Data,IPPROTO_UDP,0,,3.0
5747,55.517474502,4,N1S1160,190.0.1.1,190.0.1.4,1052,NetworkReceiveFromLower,0,1160,20,Data,IPPROTO_UDP,0,,3.0
5757,55.616694502,4,N1S1162,190.0.1.1,190.0.1.4,1052,NetworkReceiveFromLower,0,1162,20,Data,IPPROTO_UDP,0,,3.0
5767,55.722891503,4,N1S1164,190.0.1.1,190.0.1.4,1052,NetworkReceiveFromLower,0,1164,20,Data,IPPROTO_UDP,0,,3.0
5777,55.816514502,4,N1S1166,190.0.1.1,190.0.1.4,1052,NetworkReceiveFromLower,0,1166,20,Data,IPPROTO_UDP,0,,3.0
5793,55.916794502,4,N1S1168,190.0.1.1,190.0.1.4,1052,NetworkReceiveFromLower,0,1168,20,Data,IPPROTO_UDP,0,,3.0
5803,56.017414502,4,N1S1170,190.0.1.1,190.0.1.4,1052,NetworkReceiveFromLower,0,1170,20,Data,IPPROTO_UDP,0,,3.0
5820,56.107028501,4,N3S1428,190.0.1.3,255.255.255.255,64,NetworkReceiveFromLower,0,1428,20,Data,IPPROTO_UDP,192,,1.0
5825,56.118259502,4,N1S1173,190.0.1.1,190.0.1.4,1052,NetworkReceiveFromLower,0,1173,20,Data,IPPROTO_UDP,0,,3.0
5843,56.217634502,4,N1S1175,190.0.1.1,190.0.1.4,1052,NetworkReceiveFromLower,0,1175,20,Data,IPPROTO_UDP,0,,3.0
5853,56.317114502,4,N1S1177,190.0.1.1,190.0.1.4,1052,NetworkReceiveFromLower,0,1177,20,Data,IPPROTO_UDP,0,,3.0
5863,56.423311503,4,N1S1179,190.0.1.1,190.0.1.4,1052,NetworkReceiveFromLower,0,1179,20,Data,IPPROTO_UDP,0,,3.0
5873,56.523095503,4,N1S1181,190.0.1.1,190.0.1.4,1052,NetworkReceiveFromLower,0,1181,20,Data,IPPROTO_UDP,0,,3.0
5883,56.617234502,4,N1S1184,190.0.1.1,190.0.1.4,1052,NetworkReceiveFromLower,0,1184,20,Data,IPPROTO_UDP,0,,3.0
5893,56.717794502,4,N1S1186,190.0.1.1,190.0.1.4,1052,NetworkReceiveFromLower,0,1186,20,Data,IPPROTO_UDP,0,,3.0
5903,56.817114502,4,N1S1188,190.0.1.1,190.0.1.4,1052,NetworkReceiveFromLower,0,1188,20,Data,IPPROTO_UDP,0,,3.0
5913,56.916694502,4,N1S1190,190.0.1.1,190.0.1.4,1052,NetworkReceiveFromLower,0,1190,20,Data,IPPROTO_UDP,0,,3.0
5923,57.017054502,4,N1S1192,190.0.1.1,190.0.1.4,1052,NetworkReceiveFromLower,0,1192,20,Data,IPPROTO_UDP,0,,3.0
5933,57.117174502,4,N1S1194,190.0.1.1,190.0.1.4,1052,NetworkReceiveFromLower,0,1194,20,Data,IPPROTO_UDP,0,,3.0
5943,57.217594502,4,N1S1196,190.0.1.1,190.0.1.4,1052,NetworkReceiveFromLower,0,1196,20,Data,IPPROTO_UDP,0,,3.0
5953,57.317074502,4,N1S1198,190.0.1.1,190.0.1.4,1052,NetworkReceiveFromLower,0,1198,20,Data,IPPROTO_UDP,0,,3.0
5963,57.417314502,4,N1S1200,190.0.1.1,190.0.1.4,1052,NetworkReceiveFromLower,0,1200,20,Data,IPPROTO_UDP,0,,3.0
5973,57.517334502,4,N1S1202,190.0.1.1,190.0.1.4,1052,NetworkReceiveFromLower,0,1202,20,Data,IPPROTO_UDP,0,,3.0
5983,57.616814502,4,N1S1204,190.0.1.1,190.0.1.4,1052,NetworkReceiveFromLower,0,1204,20,Data,IPPROTO_UDP,0,,3.0
5993,57.717734502,4,N1S1206,190.0.1.1,190.0.1.4,1052,NetworkReceiveFromLower,0,1206,20,Data,IPPROTO_UDP,0,,3.0
6003,57.817734502,4,N1S1208,190.0.1.1,190.0.1.4,1052,NetworkReceiveFromLower,0,1208,20,Data,IPPROTO_UDP,0,,3.0
6013,57.917154502,4,N1S1210,190.0.1.1,190.0.1.4,1052,NetworkReceiveFromLower,0,1210,20,Data,IPPROTO_UDP,0,,3.0
6025,58.017434502,4,N1S1212,190.0.1.1,190.0.1.4,1052,NetworkReceiveFromLower,0,1212,20,Data,IPPROTO_UDP,0,,3.0
6035,58.096790647,4,N3S1490,190.0.1.3,255.255.255.255,64,NetworkReceiveFromLower,0,1490,20,Data,IPPROTO_UDP,192,,1.0
6047,58.117374502,4,N1S1215,190.0.1.1,190.0.1.4,1052,NetworkReceiveFromLower,0,1215,20,Data,IPPROTO_UDP,0,,3.0
6061,58.217034502,4,N1S1217,190.0.1.1,190.0.1.4,1052,NetworkReceiveFromLower,0,1217,20,Data,IPPROTO_UDP,0,,3.0
6071,58.316834502,4,N1S1219,190.0.1.1,190.0.1.4,1052,NetworkReceiveFromLower,0,1219,20,Data,IPPROTO_UDP,0,,3.0
6081,58.417314502,4,N1S1221,190.0.1.1,190.0.1.4,1052,NetworkReceiveFromLower,0,1221,20,Data,IPPROTO_UDP,0,,3.0
6091,58.517334502,4,N1S1223,190.0.1.1,190.0.1.4,1052,NetworkReceiveFromLower,0,1223,20,Data,IPPROTO_UDP,0,,3.0
6101,58.617354502,4,N1S1225,190.0.1.1,190.0.1.4,1052,NetworkReceiveFromLower,0,1225,20,Data,IPPROTO_UDP,0,,3.0
6111,58.716854502,4,N1S1227,190.0.1.1,190.0.1.4,1052,NetworkReceiveFromLower,0,1227,20,Data,IPPROTO_UDP,0,,3.0
6121,58.817214502,4,N1S1229,190.0.1.1,190.0.1.4,1052,NetworkReceiveFromLower,0,1229,20,Data,IPPROTO_UDP,0,,3.0
6131,58.916914502,4,N1S1231,190.0.1.1,190.0.1.4,1052,NetworkReceiveFromLower,0,1231,20,Data,IPPROTO_UDP,0,,3.0
6141,59.017614502,4,N1S1233,190.0.1.1,190.0.1.4,1052,NetworkReceiveFromLower,0,1233,20,Data,IPPROTO_UDP,0,,3.0
6151,59.117294502,4,N1S1235,190.0.1.1,190.0.1.4,1052,NetworkReceiveFromLower,0,1235,20,Data,IPPROTO_UDP,0,,3.0
6161,59.217094502,4,N1S1237,190.0.1.1,190.0.1.4,1052,NetworkReceiveFromLower,0,1237,20,Data,IPPROTO_UDP,0,,3.0
6171,59.317474502,4,N1S1239,190.0.1.1,190.0.1.4,1052,NetworkReceiveFromLower,0,1239,20,Data,IPPROTO_UDP,0,,3.0
6181,59.416974502,4,N1S1241,190.0.1.1,190.0.1.4,1052,NetworkReceiveFromLower,0,1241,20,Data,IPPROTO_UDP,0,,3.0
6191,59.516914502,4,N1S1246,190.0.1.1,190.0.1.4,1052,NetworkReceiveFromLower,0,1246,20,Data,IPPROTO_UDP,0,,3.0
6201,59.617134502,4,N1S1248,190.0.1.1,190.0.1.4,1052,NetworkReceiveFromLower,0,1248,20,Data,IPPROTO_UDP,0,,3.0
6211,59.716674502,4,N1S1250,190.0.1.1,190.0.1.4,1052,NetworkReceiveFromLower,0,1250,20,Data,IPPROTO_UDP,0,,3.0
6221,59.816814502,4,N1S1252,190.0.1.1,190.0.1.4,1052,NetworkReceiveFromLower,0,1252,20,Data,IPPROTO_UDP,0,,3.0
6231,59.917674502,4,N1S1254,190.0.1.1,190.0.1.4,1052,NetworkReceiveFromLower,0,1254,20,Data,IPPROTO_UDP,0,,3.0
6241,60.016954502,4,N1S1256,190.0.1.1,190.0.1.4,1052,NetworkReceiveFromLower,0,1256,20,Data,IPPROTO_UDP,0,,3.0
6247,60.08201417,4,N3S1551,190.0.1.3,255.255.255.255,64,NetworkReceiveFromLower,0,1551,20,Data,IPPROTO_UDP,192,,1.0
6263,60.117704503,4,N1S1259,190.0.1.1,190.0.1.4,1052,NetworkReceiveFromLower,0,1259,20,Data,IPPROTO_UDP,0,,3.0
6269,60.139796627,4,N3S1552,190.0.1.3,255.255.255.255,56,NetworkReceiveFromLower,0,1552,20,Data,IPPROTO_UDP,192,,1.0
6287,60.216854511,4,N1S1261,190.0.1.1,190.0.1.4,1052,NetworkReceiveFromLower,0,1261,20,Data,IPPROTO_UDP,0,,3.0
6297,60.316614511,4,N1S1263,190.0.1.1,190.0.1.4,1052,NetworkReceiveFromLower,0,1263,20,Data,IPPROTO_UDP,0,,3.0
6319,60.422451503,4,N1S1265,190.0.1.1,190.0.1.4,1052,NetworkReceiveFromLower,0,1265,20,Data,IPPROTO_UDP,0,,3.0
6329,60.517414511,4,N1S1268,190.0.1.1,190.0.1.4,1052,NetworkReceiveFromLower,0,1268,20,Data,IPPROTO_UDP,0,,3.0
6335,60.596009301,4,N3S1562,190.0.1.3,255.255.255.255,56,NetworkReceiveFromLower,0,1562,20,Data,IPPROTO_UDP,192,,1.0
6345,60.617174511,4,N1S1270,190.0.1.1,190.0.1.4,1052,NetworkReceiveFromLower,0,1270,20,Data,IPPROTO_UDP,0,,3.0
6355,60.717014523,4,N1S1272,190.0.1.1,190.0.1.4,1052,NetworkReceiveFromLower,0,1272,20,Data,IPPROTO_UDP,0,,3.0
6365,60.816634511,4,N1S1274,190.0.1.1,190.0.1.4,1052,NetworkReceiveFromLower,0,1274,20,Data,IPPROTO_UDP,0,,3.0
6375,60.916534523,4,N1S1276,190.0.1.1,190.0.1.4,1052,NetworkReceiveFromLower,0,1276,20,Data,IPPROTO_UDP,0,,3.0
6385,61.016794523,4,N1S1278,190.0.1.1,190.0.1.4,1052,NetworkReceiveFromLower,0,1278,20,Data,IPPROTO_UDP,0,,3.0
6395,61.117074532,4,N1S1280,190.0.1.1,190.0.1.4,1052,NetworkReceiveFromLower,0,1280,20,Data,IPPROTO_UDP,0,,3.0
6405,61.217214523,4,N1S1282,190.0.1.1,190.0.1.4,1052,NetworkReceiveFromLower,0,1282,20,Data,IPPROTO_UDP,0,,3.0
6415,61.317634532,4,N1S1284,190.0.1.1,190.0.1.4,1052,NetworkReceiveFromLower,0,1284,20,Data,IPPROTO_UDP,0,,3.0
6425,61.416834532,4,N1S1286,190.0.1.1,190.0.1.4,1052,NetworkReceiveFromLower,0,1286,20,Data,IPPROTO_UDP,0,,3.0
6435,61.523571542,4,N1S1288,190.0.1.1,190.0.1.4,1052,NetworkReceiveFromLower,0,1288,20,Data,IPPROTO_UDP,0,,3.0
6445,61.629528574,4,N1S1291,190.0.1.1,190.0.1.4,1052,NetworkReceiveFromLower,0,1291,20,Data,IPPROTO_UDP,0,,3.0
6455,61.716934541,4,N1S1293,190.0.1.1,190.0.1.4,1052,NetworkReceiveFromLower,0,1293,20,Data,IPPROTO_UDP,0,,3.0
6465,61.823271542,4,N1S1295,190.0.1.1,190.0.1.4,1052,NetworkReceiveFromLower,0,1295,20,Data,IPPROTO_UDP,0,,3.0
6475,61.917414553,4,N1S1298,190.0.1.1,190.0.1.4,1052,NetworkReceiveFromLower,0,1298,20,Data,IPPROTO_UDP,0,,3.0
6491,62.024521543,4,N1S1300,190.0.1.1,190.0.1.4,1052,NetworkReceiveFromLower,0,1300,20,Data,IPPROTO_UDP,0,,3.0
6505,62.112385515,4,N3S1617,190.0.1.3,255.255.255.255,64,NetworkReceiveFromLower,0,1617,20,Data,IPPROTO_UDP,192,,1.0
6507,62.117884542,4,N1S1303,190.0.1.1,190.0.1.4,1052,NetworkReceiveFromLower,0,1303,20,Data,IPPROTO_UDP,0,,3.0
6525,62.217054553,4,N1S1305,190.0.1.1,190.0.1.4,1052,NetworkReceiveFromLower,0,1305,20,Data,IPPROTO_UDP,0,,3.0
6535,62.317214553,4,N1S1307,190.0.1.1,190.0.1.4,1052,NetworkReceiveFromLower,0,1307,20,Data,IPPROTO_UDP,0,,3.0
6545,62.417274553,4,N1S1309,190.0.1.1,190.0.1.4,1052,NetworkReceiveFromLower,0,1309,20,Data,IPPROTO_UDP,0,,3.0
6555,62.517494553,4,N1S1311,190.0.1.1,190.0.1.4,1052,NetworkReceiveFromLower,0,1311,20,Data,IPPROTO_UDP,0,,3.0
6565,62.617254562,4,N1S1313,190.0.1.1,190.0.1.4,1052,NetworkReceiveFromLower,0,1313,20,Data,IPPROTO_UDP,0,,3.0
6575,62.717514562,4,N1S1315,190.0.1.1,190.0.1.4,1052,NetworkReceiveFromLower,0,1315,20,Data,IPPROTO_UDP,0,,3.0
6585,62.817054562,4,N1S1317,190.0.1.1,190.0.1.4,1052,NetworkReceiveFromLower,0,1317,20,Data,IPPROTO_UDP,0,,3.0
6595,62.917154562,4,N1S1319,190.0.1.1,190.0.1.4,1052,NetworkReceiveFromLower,0,1319,20,Data,IPPROTO_UDP,0,,3.0
6605,63.017494571,4,N1S1321,190.0.1.1,190.0.1.4,1052,NetworkReceiveFromLower,0,1321,20,Data,IPPROTO_UDP,0,,3.0
6615,63.116714571,4,N1S1323,190.0.1.1,190.0.1.4,1052,NetworkReceiveFromLower,0,1323,20,Data,IPPROTO_UDP,0,,3.0
6625,63.216754571,4,N1S1325,190.0.1.1,190.0.1.4,1052,NetworkReceiveFromLower,0,1325,20,Data,IPPROTO_UDP,0,,3.0
6635,63.317094571,4,N1S1327,190.0.1.1,190.0.1.4,1052,NetworkReceiveFromLower,0,1327,20,Data,IPPROTO_UDP,0,,3.0
6645,63.417034583,4,N1S1329,190.0.1.1,190.0.1.4,1052,NetworkReceiveFromLower,0,1329,20,Data,IPPROTO_UDP,0,,3.0
6655,63.517194583,4,N1S1331,190.0.1.1,190.0.1.4,1052,NetworkReceiveFromLower,0,1331,20,Data,IPPROTO_UDP,0,,3.0
6665,63.617054583,4,N1S1333,190.0.1.1,190.0.1.4,1052,NetworkReceiveFromLower,0,1333,20,Data,IPPROTO_UDP,0,,3.0
6675,63.717214583,4,N1S1335,190.0.1.1,190.0.1.4,1052,NetworkReceiveFromLower,0,1335,20,Data,IPPROTO_UDP,0,,3.0
6685,63.817014592,4,N1S1337,190.0.1.1,190.0.1.4,1052,NetworkReceiveFromLower,0,1337,20,Data,IPPROTO_UDP,0,,3.0
6695,63.917454592,4,N1S1339,190.0.1.1,190.0.1.4,1052,NetworkReceiveFromLower,0,1339,20,Data,IPPROTO_UDP,0,,3.0
6705,64.016914583,4,N1S1341,190.0.1.1,190.0.1.4,1052,NetworkReceiveFromLower,0,1341,20,Data,IPPROTO_UDP,0,,3.0
6717,64.094491732,4,N3S1678,190.0.1.3,255.255.255.255,64,NetworkReceiveFromLower,0,1678,20,Data,IPPROTO_UDP,192,,1.0
6727,64.117654592,4,N1S1344,190.0.1.1,190.0.1.4,1052,NetworkReceiveFromLower,0,1344,20,Data,IPPROTO_UDP,0,,3.0
6745,64.216714592,4,N1S1346,190.0.1.1,190.0.1.4,1052,NetworkReceiveFromLower,0,1346,20,Data,IPPROTO_UDP,0,,3.0
6755,64.317274601,4,N1S1348,190.0.1.1,190.0.1.4,1052,NetworkReceiveFromLower,0,1348,20,Data,IPPROTO_UDP,0,,3.0
6765,64.423551653,4,N1S1350,190.0.1.1,190.0.1.4,1052,NetworkReceiveFromLower,0,1350,20,Data,IPPROTO_UDP,0,,3.0
6775,64.517434601,4,N1S1352,190.0.1.1,190.0.1.4,1052,NetworkReceiveFromLower,0,1352,20,Data,IPPROTO_UDP,0,,3.0
6785,64.617274601,4,N1S1354,190.0.1.1,190.0.1.4,1052,NetworkReceiveFromLower,0,1354,20,Data,IPPROTO_UDP,0,,3.0
6795,64.717254613,4,N1S1356,190.0.1.1,190.0.1.4,1052,NetworkReceiveFromLower,0,1356,20,Data,IPPROTO_UDP,0,,3.0
6805,64.816954601,4,N1S1358,190.0.1.1,190.0.1.4,1052,NetworkReceiveFromLower,0,1358,20,Data,IPPROTO_UDP,0,,3.0
6815,64.917154613,4,N1S1360,190.0.1.1,190.0.1.4,1052,NetworkReceiveFromLower,0,1360,20,Data,IPPROTO_UDP,0,,3.0
6825,65.016954613,4,N1S1362,190.0.1.1,190.0.1.4,1052,NetworkReceiveFromLower,0,1362,20,Data,IPPROTO_UDP,0,,3.0
6835,65.117374622,4,N1S1364,190.0.1.1,190.0.1.4,1052,NetworkReceiveFromLower,0,1364,20,Data,IPPROTO_UDP,0,,3.0
6845,65.217194613,4,N1S1366,190.0.1.1,190.0.1.4,1052,NetworkReceiveFromLower,0,1366,20,Data,IPPROTO_UDP,0,,3.0
6861,65.317514622,4,N1S1368,190.0.1.1,190.0.1.4,1052,NetworkReceiveFromLower,0,1368,20,Data,IPPROTO_UDP,0,,3.0
6871,65.417614622,4,N1S1370,190.0.1.1,190.0.1.4,1052,NetworkReceiveFromLower,0,1370,20,Data,IPPROTO_UDP,0,,3.0
6885,65.512273545,4,N3S1710,190.0.1.3,255.255.255.255,56,NetworkReceiveFromLower,0,1710,20,Data,IPPROTO_UDP,192,,1.0
6887,65.517552632,4,N1S1372,190.0.1.1,190.0.1.4,1052,NetworkReceiveFromLower,0,1372,20,Data,IPPROTO_UDP,0,,3.0
6897,65.631128784,4,N1S1374,190.0.1.1,190.0.1.4,1052,NetworkReceiveFromLower,0,1374,20,Data,IPPROTO_UDP,0,,3.0
6907,65.717154622,4,N1S1376,190.0.1.1,190.0.1.4,1052,NetworkReceiveFromLower,0,1376,20,Data,IPPROTO_UDP,0,,3.0
6913,65.756689607,4,N3S1717,190.0.1.3,255.255.255.255,56,NetworkReceiveFromLower,0,1717,20,Data,IPPROTO_UDP,192,,1.0
6923,65.817174631,4,N1S1378,190.0.1.1,190.0.1.4,1052,NetworkReceiveFromLower,0,1378,20,Data,IPPROTO_UDP,0,,3.0
6939,65.917114631,4,N1S1380,190.0.1.1,190.0.1.4,1052,NetworkReceiveFromLower,0,1380,20,Data,IPPROTO_UDP,0,,3.0
6949,66.017314631,4,N1S1382,190.0.1.1,190.0.1.4,1052,NetworkReceiveFromLower,0,1382,20,Data,IPPROTO_UDP,0,,3.0
6955,66.058168365,4,N3S1744,190.0.1.3,255.255.255.255,64,NetworkReceiveFromLower,0,1744,20,Data,IPPROTO_UDP,192,,1.0
6973,66.123091632,4,N1S1385,190.0.1.1,190.0.1.4,1052,NetworkReceiveFromLower,0,1385,20,Data,IPPROTO_UDP,0,,3.0
6987,66.217054643,4,N1S1388,190.0.1.1,190.0.1.4,1052,NetworkReceiveFromLower,0,1388,20,Data,IPPROTO_UDP,0,,3.0
6997,66.317094643,4,N1S1390,190.0.1.1,190.0.1.4,1052,NetworkReceiveFromLower,0,1390,20,Data,IPPROTO_UDP,0,,3.0
7007,66.417594643,4,N1S1392,190.0.1.1,190.0.1.4,1052,NetworkReceiveFromLower,0,1392,20,Data,IPPROTO_UDP,0,,3.0
7017,66.529768833,4,N1S1394,190.0.1.1,190.0.1.4,1052,NetworkReceiveFromLower,0,1394,20,Data,IPPROTO_UDP,0,,3.0
7027,66.617414652,4,N1S1396,190.0.1.1,190.0.1.4,1052,NetworkReceiveFromLower,0,1396,20,Data,IPPROTO_UDP,0,,3.0
7037,66.717434652,4,N1S1398,190.0.1.1,190.0.1.4,1052,NetworkReceiveFromLower,0,1398,20,Data,IPPROTO_UDP,0,,3.0
7047,66.824291753,4,N1S1400,190.0.1.1,190.0.1.4,1052,NetworkReceiveFromLower,0,1400,20,Data,IPPROTO_UDP,0,,3.0
7057,66.930328854,4,N1S1402,190.0.1.1,190.0.1.4,1052,NetworkReceiveFromLower,0,1402,20,Data,IPPROTO_UDP,0,,3.0
7067,67.017674661,4,N1S1404,190.0.1.1,190.0.1.4,1052,NetworkReceiveFromLower,0,1404,20,Data,IPPROTO_UDP,0,,3.0
7077,67.129768875,4,N1S1406,190.0.1.1,190.0.1.4,1052,NetworkReceiveFromLower,0,1406,20,Data,IPPROTO_UDP,0,,3.0
7087,67.223231768,4,N1S1408,190.0.1.1,190.0.1.4,1052,NetworkReceiveFromLower,0,1408,20,Data,IPPROTO_UDP,0,,3.0
7097,67.317234661,4,N1S1410,190.0.1.1,190.0.1.4,1052,NetworkReceiveFromLower,0,1410,20,Data,IPPROTO_UDP,0,,3.0
7107,67.416914673,4,N1S1412,190.0.1.1,190.0.1.4,1052,NetworkReceiveFromLower,0,1412,20,Data,IPPROTO_UDP,0,,3.0
7117,67.523231788,4,N1S1414,190.0.1.1,190.0.1.4,1052,NetworkReceiveFromLower,0,1414,20,Data,IPPROTO_UDP,0,,3.0
7127,67.617374661,4,N1S1416,190.0.1.1,190.0.1.4,1052,NetworkReceiveFromLower,0,1416,20,Data,IPPROTO_UDP,0,,3.0
7137,67.717414673,4,N1S1418,190.0.1.1,190.0.1.4,1052,NetworkReceiveFromLower,0,1418,20,Data,IPPROTO_UDP,0,,3.0
7147,67.816974673,4,N1S1420,190.0.1.1,190.0.1.4,1052,NetworkReceiveFromLower,0,1420,20,Data,IPPROTO_UDP,0,,3.0
7157,67.917474682,4,N1S1422,190.0.1.1,190.0.1.4,1052,NetworkReceiveFromLower,0,1422,20,Data,IPPROTO_UDP,0,,3.0
7173,68.023796788,4,N1S1424,190.0.1.1,190.0.1.4,1052,NetworkReceiveFromLower,0,1424,20,Data,IPPROTO_UDP,0,,3.0
7179,68.080587077,4,N3S1815,190.0.1.3,255.255.255.255,64,NetworkReceiveFromLower,0,1815,20,Data,IPPROTO_UDP,192,,1.0
7193,68.117314682,4,N1S1427,190.0.1.1,190.0.1.4,1052,NetworkReceiveFromLower,0,1427,20,Data,IPPROTO_UDP,0,,3.0
7207,68.216534682,4,N1S1429,190.0.1.1,190.0.1.4,1052,NetworkReceiveFromLower,0,1429,20,Data,IPPROTO_UDP,0,,3.0
7217,68.336146072,4,N1S1431,190.0.1.1,190.0.1.4,1052,NetworkReceiveFromLower,0,1431,20,Data,IPPROTO_UDP,0,,3.0
7227,68.423271803,4,N1S1433,190.0.1.1,190.0.1.4,1052,NetworkReceiveFromLower,0,1433,20,Data,IPPROTO_UDP,0,,3.0
7237,68.523051818,4,N1S1435,190.0.1.1,190.0.1.4,1052,NetworkReceiveFromLower,0,1435,20,Data,IPPROTO_UDP,0,,3.0
7247,68.616834691,4,N1S1437,190.0.1.1,190.0.1.4,1052,NetworkReceiveFromLower,0,1437,20,Data,IPPROTO_UDP,0,,3.0
7257,68.717494703,4,N1S1439,190.0.1.1,190.0.1.4,1052,NetworkReceiveFromLower,0,1439,20,Data,IPPROTO_UDP,0,,3.0
7267,68.816794691,4,N1S1441,190.0.1.1,190.0.1.4,1052,NetworkReceiveFromLower,0,1441,20,Data,IPPROTO_UDP,0,,3.0
7277,68.923491838,4,N1S1443,190.0.1.1,190.0.1.4,1052,NetworkReceiveFromLower,0,1443,20,Data,IPPROTO_UDP,0,,3.0
7287,69.016994703,4,N1S1445,190.0.1.1,190.0.1.4,1052,NetworkReceiveFromLower,0,1445,20,Data,IPPROTO_UDP,0,,3.0
7297,69.123571853,4,N1S1447,190.0.1.1,190.0.1.4,1052,NetworkReceiveFromLower,0,1447,20,Data,IPPROTO_UDP,0,,3.0
7307,69.217454703,4,N1S1449,190.0.1.1,190.0.1.4,1052,NetworkReceiveFromLower,0,1449,20,Data,IPPROTO_UDP,0,,3.0
7317,69.32327185,4,N1S1451,190.0.1.1,190.0.1.4,1052,NetworkReceiveFromLower,0,1451,20,Data,IPPROTO_UDP,0,,3.0
7327,69.416814712,4,N1S1453,190.0.1.1,190.0.1.4,1052,NetworkReceiveFromLower,0,1453,20,Data,IPPROTO_UDP,0,,3.0
7337,69.517294712,4,N1S1455,190.0.1.1,190.0.1.4,1052,NetworkReceiveFromLower,0,1455,20,Data,IPPROTO_UDP,0,,3.0
7347,69.617054712,4,N1S1457,190.0.1.1,190.0.1.4,1052,NetworkReceiveFromLower,0,1457,20,Data,IPPROTO_UDP,0,,3.0
7357,69.716634712,4,N1S1459,190.0.1.1,190.0.1.4,1052,NetworkReceiveFromLower,0,1459,20,Data,IPPROTO_UDP,0,,3.0
7367,69.822631868,4,N1S1461,190.0.1.1,190.0.1.4,1052,NetworkReceiveFromLower,0,1461,20,Data,IPPROTO_UDP,0,,3.0
7377,69.917354721,4,N1S1463,190.0.1.1,190.0.1.4,1052,NetworkReceiveFromLower,0,1463,20,Data,IPPROTO_UDP,0,,3.0
7387,70.029688869,4,N1S1465,190.0.1.1,190.0.1.4,1052,NetworkReceiveFromLower,0,1465,20,Data,IPPROTO_UDP,0,,3.0
7393,70.069425203,4,N3S1888,190.0.1.3,255.255.255.255,56,NetworkReceiveFromLower,0,1888,20,Data,IPPROTO_UDP,192,,1.0
7415,70.139986162,4,N1S1468,190.0.1.1,190.0.1.4,1052,NetworkReceiveFromLower,0,1468,20,Data,IPPROTO_UDP,0,,3.0
7429,70.217154733,4,N1S1470,190.0.1.1,190.0.1.4,1052,NetworkReceiveFromLower,0,1470,20,Data,IPPROTO_UDP,0,,3.0
7445,70.316754733,4,N1S1472,190.0.1.1,190.0.1.4,1052,NetworkReceiveFromLower,0,1472,20,Data,IPPROTO_UDP,0,,3.0
7461,70.423751734,4,N1S1474,190.0.1.1,190.0.1.4,1052,NetworkReceiveFromLower,0,1474,20,Data,IPPROTO_UDP,0,,3.0
7471,70.516794733,4,N1S1476,190.0.1.1,190.0.1.4,1052,NetworkReceiveFromLower,0,1476,20,Data,IPPROTO_UDP,0,,3.0
7481,70.617314742,4,N1S1478,190.0.1.1,190.0.1.4,1052,NetworkReceiveFromLower,0,1478,20,Data,IPPROTO_UDP,0,,3.0
7491,70.737966225,4,N1S1480,190.0.1.1,190.0.1.4,1052,NetworkReceiveFromLower,0,1480,20,Data,IPPROTO_UDP,0,,3.0
7497,70.77527799,4,N3S1898,190.0.1.3,255.255.255.255,56,NetworkReceiveFromLower,0,1898,20,Data,IPPROTO_UDP,192,,1.0
7507,70.817738742,4,N1S1482,190.0.1.1,190.0.1.4,1052,NetworkReceiveFromLower,0,1482,20,Data,IPPROTO_UDP,0,,3.0
7517,70.917594742,4,N1S1484,190.0.1.1,190.0.1.4,1052,NetworkReceiveFromLower,0,1484,20,Data,IPPROTO_UDP,0,,3.0
7527,71.016594751,4,N1S1486,190.0.1.1,190.0.1.4,1052,NetworkReceiveFromLower,0,1486,20,Data,IPPROTO_UDP,0,,3.0
7537,71.140566252,4,N1S1488,190.0.1.1,190.0.1.4,1052,NetworkReceiveFromLower,0,1488,20,Data,IPPROTO_UDP,0,,3.0
7547,71.223391912,4,N1S1490,190.0.1.1,190.0.1.4,1052,NetworkReceiveFromLower,0,1490,20,Data,IPPROTO_UDP,0,,3.0
7557,71.323811918,4,N1S1492,190.0.1.1,190.0.1.4,1052,NetworkReceiveFromLower,0,1492,20,Data,IPPROTO_UDP,0,,3.0
7567,71.416734751,4,N1S1494,190.0.1.1,190.0.1.4,1052,NetworkReceiveFromLower,0,1494,20,Data,IPPROTO_UDP,0,,3.0
7577,71.523291938,4,N1S1496,190.0.1.1,190.0.1.4,1052,NetworkReceiveFromLower,0,1496,20,Data,IPPROTO_UDP,0,,3.0
7587,71.623651752,4,N1S1498,190.0.1.1,190.0.1.4,1052,NetworkReceiveFromLower,0,1498,20,Data,IPPROTO_UDP,0,,3.0
7597,71.716894763,4,N1S1500,190.0.1.1,190.0.1.4,1052,NetworkReceiveFromLower,0,1500,20,Data,IPPROTO_UDP,0,,3.0
7607,71.816714763,4,N1S1502,190.0.1.1,190.0.1.4,1052,NetworkReceiveFromLower,0,1502,20,Data,IPPROTO_UDP,0,,3.0
7617,71.922891953,4,N1S1504,190.0.1.1,190.0.1.4,1052,NetworkReceiveFromLower,0,1504,20,Data,IPPROTO_UDP,0,,3.0
7633,72.023881939,4,N1S1506,190.0.1.1,190.0.1.4,1052,NetworkReceiveFromLower,0,1506,20,Data,IPPROTO_UDP,0,,3.0
7639,72.075973381,4,N3S1966,190.0.1.3,255.255.255.255,64,NetworkReceiveFromLower,0,1966,20,Data,IPPROTO_UDP,192,,1.0
7653,72.130609134,4,N1S1509,190.0.1.1,190.0.1.4,1052,NetworkReceiveFromLower,0,1509,20,Data,IPPROTO_UDP,0,,3.0
7667,72.223735953,4,N1S1511,190.0.1.1,190.0.1.4,1052,NetworkReceiveFromLower,0,1511,20,Data,IPPROTO_UDP,0,,3.0
7677,72.317874781,4,N1S1513,190.0.1.1,190.0.1.4,1052,NetworkReceiveFromLower,0,1513,20,Data,IPPROTO_UDP,0,,3.0
7687,72.423591953,4,N1S1515,190.0.1.1,190.0.1.4,1052,NetworkReceiveFromLower,0,1515,20,Data,IPPROTO_UDP,0,,3.0
7697,72.523651968,4,N1S1517,190.0.1.1,190.0.1.4,1052,NetworkReceiveFromLower,0,1517,20,Data,IPPROTO_UDP,0,,3.0
7707,72.617394781,4,N1S1519,190.0.1.1,190.0.1.4,1052,NetworkReceiveFromLower,0,1519,20,Data,IPPROTO_UDP,0,,3.0
7732,72.831049155,4,N1S1525,190.0.1.1,190.0.1.4,1052,NetworkReceiveFromLower,0,1525,20,Data,IPPROTO_UDP,0,,3.0
7742,72.937026378,4,N1S1527,190.0.1.1,190.0.1.4,1052,NetworkReceiveFromLower,0,1527,20,Data,IPPROTO_UDP,0,,3.0
7752,73.030709183,4,N1S1529,190.0.1.1,190.0.1.4,1052,NetworkReceiveFromLower,0,1529,20,Data,IPPROTO_UDP,0,,3.0
7762,73.117154793,4,N1S1531,190.0.1.1,190.0.1.4,1052,NetworkReceiveFromLower,0,1531,20,Data,IPPROTO_UDP,0,,3.0
7772,73.231453183,4,N1S1533,190.0.1.1,190.0.1.4,1052,NetworkReceiveFromLower,0,1533,20,Data,IPPROTO_UDP,0,,3.0
7782,73.329368795,4,N1S1535,190.0.1.1,190.0.1.4,1052,NetworkReceiveFromLower,0,1535,20,Data,IPPROTO_UDP,0,,3.0
7792,73.422931803,4,N1S1539,190.0.1.1,190.0.1.4,1052,NetworkReceiveFromLower,0,1539,20,Data,IPPROTO_UDP,0,,3.0
7802,73.517358802,4,N1S1542,190.0.1.1,190.0.1.4,1052,NetworkReceiveFromLower,0,1542,20,Data,IPPROTO_UDP,0,,3.0
7812,73.617374802,4,N1S1544,190.0.1.1,190.0.1.4,1052,NetworkReceiveFromLower,0,1544,20,Data,IPPROTO_UDP,0,,3.0
7822,73.738466405,4,N1S1546,190.0.1.1,190.0.1.4,1052,NetworkReceiveFromLower,0,1546,20,Data,IPPROTO_UDP,0,,3.0
7832,73.822312018,4,N1S1548,190.0.1.1,190.0.1.4,1052,NetworkReceiveFromLower,0,1548,20,Data,IPPROTO_UDP,0,,3.0
7849,73.929129225,4,N1S1552,190.0.1.1,190.0.1.4,1052,NetworkReceiveFromLower,0,1552,20,Data,IPPROTO_UDP,0,,3.0
7859,74.017074811,4,N1S1554,190.0.1.1,190.0.1.4,1052,NetworkReceiveFromLower,0,1554,20,Data,IPPROTO_UDP,0,,3.0
7879,74.112625605,4,N3S2056,190.0.1.3,255.255.255.255,64,NetworkReceiveFromLower,0,2056,20,Data,IPPROTO_UDP,192,,1.0
7881,74.131539226,4,N1S1557,190.0.1.1,190.0.1.4,1052,NetworkReceiveFromLower,0,1557,20,Data,IPPROTO_UDP,0,,3.0
7899,74.224052038,4,N1S1559,190.0.1.1,190.0.1.4,1052,NetworkReceiveFromLower,0,1559,20,Data,IPPROTO_UDP,0,,3.0
7909,74.329589253,4,N1S1561,190.0.1.1,190.0.1.4,1052,NetworkReceiveFromLower,0,1561,20,Data,IPPROTO_UDP,0,,3.0
7919,74.417334823,4,N1S1563,190.0.1.1,190.0.1.4,1052,NetworkReceiveFromLower,0,1563,20,Data,IPPROTO_UDP,0,,3.0
7929,74.523452038,4,N1S1565,190.0.1.1,190.0.1.4,1052,NetworkReceiveFromLower,0,1565,20,Data,IPPROTO_UDP,0,,3.0
7939,74.616974832,4,N1S1567,190.0.1.1,190.0.1.4,1052,NetworkReceiveFromLower,0,1567,20,Data,IPPROTO_UDP,0,,3.0
7949,74.722852053,4,N1S1569,190.0.1.1,190.0.1.4,1052,NetworkReceiveFromLower,0,1569,20,Data,IPPROTO_UDP,0,,3.0
7959,74.823632047,4,N1S1571,190.0.1.1,190.0.1.4,1052,NetworkReceiveFromLower,0,1571,20,Data,IPPROTO_UDP,0,,3.0
7969,74.923472053,4,N1S1573,190.0.1.1,190.0.1.4,1052,NetworkReceiveFromLower,0,1573,20,Data,IPPROTO_UDP,0,,3.0
7979,75.016674832,4,N1S1575,190.0.1.1,190.0.1.4,1052,NetworkReceiveFromLower,0,1575,20,Data,IPPROTO_UDP,0,,3.0
8004,75.224192053,4,N1S1581,190.0.1.1,190.0.1.4,1052,NetworkReceiveFromLower,0,1581,20,Data,IPPROTO_UDP,0,,3.0
8030,75.422952068,4,N1S1587,190.0.1.1,190.0.1.4,1052,NetworkReceiveFromLower,0,1587,20,Data,IPPROTO_UDP,0,,3.0
8035,75.424269294,4,N3S2096,190.0.1.3,255.255.255.255,56,NetworkReceiveFromLower,0,2096,20,Data,IPPROTO_UDP,192,,1.0
8051,75.522972088,4,N1S1589,190.0.1.1,190.0.1.4,1052,NetworkReceiveFromLower,0,1589,20,Data,IPPROTO_UDP,0,,3.0
8057,75.526211361,4,N3S2121,190.0.1.3,255.255.255.255,56,NetworkReceiveFromLower,0,2121,20,Data,IPPROTO_UDP,192,,1.0
8073,75.622932068,4,N1S1591,190.0.1.1,190.0.1.4,1052,NetworkReceiveFromLower,0,1591,20,Data,IPPROTO_UDP,0,,3.0
8083,75.716914853,4,N1S1593,190.0.1.1,190.0.1.4,1052,NetworkReceiveFromLower,0,1593,20,Data,IPPROTO_UDP,0,,3.0
8093,75.829489323,4,N1S1595,190.0.1.1,190.0.1.4,1052,NetworkReceiveFromLower,0,1595,20,Data,IPPROTO_UDP,0,,3.0
8103,75.916914862,4,N1S1597,190.0.1.1,190.0.1.4,1052,NetworkReceiveFromLower,0,1597,20,Data,IPPROTO_UDP,0,,3.0
8113,76.028789323,4,N1S1599,190.0.1.1,190.0.1.4,1052,NetworkReceiveFromLower,0,1599,20,Data,IPPROTO_UDP,0,,3.0
8129,76.124331863,4,N1S1602,190.0.1.1,190.0.1.4,1052,NetworkReceiveFromLower,0,1602,20,Data,IPPROTO_UDP,0,,3.0
8133,76.137314369,4,N3S2146,190.0.1.3,255.255.255.255,64,NetworkReceiveFromLower,0,2146,20,Data,IPPROTO_UDP,192,,1.0
8151,76.223132103,4,N1S1604,190.0.1.1,190.0.1.4,1052,NetworkReceiveFromLower,0,1604,20,Data,IPPROTO_UDP,0,,3.0
8176,76.423552103,4,N1S1610,190.0.1.1,190.0.1.4,1052,NetworkReceiveFromLower,0,1610,20,Data,IPPROTO_UDP,0,,3.0
8186,76.540466612,4,N1S1612,190.0.1.1,190.0.1.4,1052,NetworkReceiveFromLower,0,1612,20,Data,IPPROTO_UDP,0,,3.0
8196,76.617334871,4,N1S1614,190.0.1.1,190.0.1.4,1052,NetworkReceiveFromLower,0,1614,20,Data,IPPROTO_UDP,0,,3.0
8206,76.716994871,4,N1S1616,190.0.1.1,190.0.1.4,1052,NetworkReceiveFromLower,0,1616,20,Data,IPPROTO_UDP,0,,3.0
8216,76.817434871,4,N1S1618,190.0.1.1,190.0.1.4,1052,NetworkReceiveFromLower,0,1618,20,Data,IPPROTO_UDP,0,,3.0
8226,76.923792118,4,N1S1620,190.0.1.1,190.0.1.4,1052,NetworkReceiveFromLower,0,1620,20,Data,IPPROTO_UDP,0,,3.0
8236,77.017718883,4,N1S1622,190.0.1.1,190.0.1.4,1052,NetworkReceiveFromLower,0,1622,20,Data,IPPROTO_UDP,0,,3.0
8246,77.122732138,4,N1S1624,190.0.1.1,190.0.1.4,1052,NetworkReceiveFromLower,0,1624,20,Data,IPPROTO_UDP,0,,3.0
8256,77.229769393,4,N1S1626,190.0.1.1,190.0.1.4,1052,NetworkReceiveFromLower,0,1626,20,Data,IPPROTO_UDP,0,,3.0
8266,77.329189393,4,N1S1628,190.0.1.1,190.0.1.4,1052,NetworkReceiveFromLower,0,1628,20,Data,IPPROTO_UDP,0,,3.0
8276,77.417374892,4,N1S1630,190.0.1.1,190.0.1.4,1052,NetworkReceiveFromLower,0,1630,20,Data,IPPROTO_UDP,0,,3.0
8301,77.622712153,4,N1S1636,190.0.1.1,190.0.1.4,1052,NetworkReceiveFromLower,0,1636,20,Data,IPPROTO_UDP,0,,3.0
8326,77.840586702,4,N1S1642,190.0.1.1,190.0.1.4,1052,NetworkReceiveFromLower,0,1642,20,Data,IPPROTO_UDP,0,,3.0
8336,77.917294901,4,N1S1644,190.0.1.1,190.0.1.4,1052,NetworkReceiveFromLower,0,1644,20,Data,IPPROTO_UDP,0,,3.0
8346,78.023152168,4,N1S1646,190.0.1.1,190.0.1.4,1052,NetworkReceiveFromLower,0,1646,20,Data,IPPROTO_UDP,0,,3.0
8358,78.065741186,4,N3S2239,190.0.1.3,255.255.255.255,64,NetworkReceiveFromLower,0,2239,20,Data,IPPROTO_UDP,192,,1.0
8389,78.222511911,4,N1S1653,190.0.1.1,190.0.1.4,1052,NetworkReceiveFromLower,0,1653,20,Data,IPPROTO_UDP,0,,3.0
8399,78.323892183,4,N1S1655,190.0.1.1,190.0.1.4,1052,NetworkReceiveFromLower,0,1655,20,Data,IPPROTO_UDP,0,,3.0
8424,78.523192183,4,N1S1661,190.0.1.1,190.0.1.4,1052,NetworkReceiveFromLower,0,1661,20,Data,IPPROTO_UDP,0,,3.0
8494,79.035646765,4,N1S1679,190.0.1.1,190.0.1.4,1052,NetworkReceiveFromLower,0,1679,20,Data,IPPROTO_UDP,0,,3.0
8564,79.539266819,4,N1S1697,190.0.1.1,190.0.1.4,1052,NetworkReceiveFromLower,0,1697,20,Data,IPPROTO_UDP,0,,3.0
8574,79.640006792,4,N1S1699,190.0.1.1,190.0.1.4,1052,NetworkReceiveFromLower,0,1699,20,Data,IPPROTO_UDP,0,,3.0
8606,79.839386819,4,N1S1707,190.0.1.1,190.0.1.4,1052,NetworkReceiveFromLower,0,1707,20,Data,IPPROTO_UDP,0,,3.0
8648,80.094871043,4,N3S2383,190.0.1.3,255.255.255.255,64,NetworkReceiveFromLower,0,2383,20,Data,IPPROTO_UDP,192,,1.0
8660,80.123932254,4,N1S1718,190.0.1.1,190.0.1.4,1052,NetworkReceiveFromLower,0,1718,20,Data,IPPROTO_UDP,0,,3.0
8699,80.312333652,4,N3S2390,190.0.1.3,255.255.255.255,56,NetworkReceiveFromLower,0,2390,20,Data,IPPROTO_UDP,192,,1.0
8722,80.441002856,4,N3S2384,190.0.1.3,255.255.255.255,56,NetworkReceiveFromLower,0,2384,20,Data,IPPROTO_UDP,192,,1.0
8737,80.529769554,4,N1S1732,190.0.1.1,190.0.1.4,1052,NetworkReceiveFromLower,0,1732,20,Data,IPPROTO_UDP,0,,3.0
8798,80.929589575,4,N1S1746,190.0.1.1,190.0.1.4,1052,NetworkReceiveFromLower,0,1746,20,Data,IPPROTO_UDP,0,,3.0
9126,83.030649694,4,N1S1829,190.0.1.1,190.0.1.4,1052,NetworkReceiveFromLower,0,1829,20,Data,IPPROTO_UDP,0,,3.0
9295,84.077517384,4,N3S2699,190.0.1.3,255.255.255.255,64,NetworkReceiveFromLower,0,2699,20,Data,IPPROTO_UDP,192,,1.0
9499,85.34098318,4,N3S2780,190.0.1.3,255.255.255.255,56,NetworkReceiveFromLower,0,2780,20,Data,IPPROTO_UDP,192,,1.0
9514,85.428509834,4,N1S1926,190.0.1.1,190.0.1.4,1052,NetworkReceiveFromLower,0,1926,20,Data,IPPROTO_UDP,0,,3.0
9632,86.084661379,4,N3S2859,190.0.1.3,255.255.255.255,64,NetworkReceiveFromLower,0,2859,20,Data,IPPROTO_UDP,192,,1.0
9950,88.100016869,4,N3S3021,190.0.1.3,255.255.255.255,64,NetworkReceiveFromLower,0,3021,20,Data,IPPROTO_UDP,192,,1.0
10282,90.138333514,4,N3S3182,190.0.1.3,255.255.255.255,64,NetworkReceiveFromLower,0,3182,20,Data,IPPROTO_UDP,192,,1.0
10359,90.550930534,4,N3S3216,190.0.1.3,255.255.255.255,56,NetworkReceiveFromLower,0,3216,20,Data,IPPROTO_UDP,192,,1.0
